{"timestamp":"2026-03-27T00:02:47.679Z","level":"info","event":"server_started","port":3000,"appUrl":"http://localhost:3000"}
{"timestamp":"2026-03-27T00:03:55.702Z","level":"info","event":"server_started","port":3000,"appUrl":"http://localhost:3000"}
{"timestamp":"2026-03-27T00:05:55.353Z","level":"info","event":"server_started","port":3000,"appUrl":"http://localhost:3000"}
{"timestamp":"2026-03-27T00:06:54.584Z","level":"info","event":"http_request","method":"GET","path":"/client.html","statusCode":200,"durationMs":18,"ip":"::1"}
{"timestamp":"2026-03-27T00:06:55.070Z","level":"info","event":"http_request","method":"GET","path":"/script.js","statusCode":304,"durationMs":4,"ip":"::1"}
{"timestamp":"2026-03-27T00:06:55.074Z","level":"info","event":"http_request","method":"GET","path":"/style.css","statusCode":200,"durationMs":13,"ip":"::1"}
{"timestamp":"2026-03-27T00:06:55.078Z","level":"info","event":"http_request","method":"GET","path":"/client.js","statusCode":200,"durationMs":13,"ip":"::1"}
{"timestamp":"2026-03-27T00:06:55.278Z","level":"info","event":"http_request","method":"GET","path":"/favicon.ico","statusCode":404,"durationMs":12,"ip":"::1"}
{"timestamp":"2026-03-27T00:07:04.269Z","level":"info","event":"otp_sent","phone":"8303340092","otp":"406402","expiresAt":"2026-03-27T00:12:04.261Z","provider":"mock"}
{"timestamp":"2026-03-27T00:07:04.272Z","level":"info","event":"http_request","method":"POST","path":"/api/otp/send-otp","statusCode":200,"durationMs":13,"ip":"::1"}
{"timestamp":"2026-03-27T00:08:51.482Z","level":"info","event":"otp_verified","phone":"8303340092","clientId":1}
{"timestamp":"2026-03-27T00:08:51.483Z","level":"info","event":"http_request","method":"POST","path":"/api/otp/verify-otp","statusCode":200,"durationMs":25,"ip":"::1"}
{"timestamp":"2026-03-27T00:08:51.505Z","level":"info","event":"http_request","method":"GET","path":"/client/payments","statusCode":200,"durationMs":8,"ip":"::1"}
{"timestamp":"2026-03-27T00:08:51.508Z","level":"info","event":"http_request","method":"GET","path":"/client/services","statusCode":200,"durationMs":11,"ip":"::1"}
{"timestamp":"2026-03-27T00:08:51.512Z","level":"info","event":"http_request","method":"GET","path":"/client/documents","statusCode":200,"durationMs":15,"ip":"::1"}
{"timestamp":"2026-03-27T00:08:51.517Z","level":"info","event":"http_request","method":"GET","path":"/client/dashboard","statusCode":200,"durationMs":27,"ip":"::1"}
{"timestamp":"2026-03-27T00:10:27.816Z","level":"info","event":"http_request","method":"GET","path":"/index.html","statusCode":200,"durationMs":3,"ip":"::1"}
{"timestamp":"2026-03-27T00:10:27.896Z","level":"info","event":"http_request","method":"GET","path":"/style.css","statusCode":304,"durationMs":3,"ip":"::1"}
{"timestamp":"2026-03-27T00:10:27.906Z","level":"info","event":"http_request","method":"GET","path":"/script.js","statusCode":304,"durationMs":11,"ip":"::1"}
{"timestamp":"2026-03-27T00:10:36.165Z","level":"info","event":"http_request","method":"GET","path":"/client.html","statusCode":304,"durationMs":1,"ip":"::1"}
{"timestamp":"2026-03-27T00:10:36.225Z","level":"info","event":"http_request","method":"GET","path":"/style.css","statusCode":304,"durationMs":1,"ip":"::1"}
{"timestamp":"2026-03-27T00:10:36.246Z","level":"info","event":"http_request","method":"GET","path":"/script.js","statusCode":304,"durationMs":1,"ip":"::1"}
{"timestamp":"2026-03-27T00:10:36.250Z","level":"info","event":"http_request","method":"GET","path":"/client.js","statusCode":304,"durationMs":4,"ip":"::1"}
{"timestamp":"2026-03-27T00:10:41.089Z","level":"info","event":"http_request","method":"GET","path":"/services.html","statusCode":304,"durationMs":1,"ip":"::1"}
{"timestamp":"2026-03-27T00:10:41.148Z","level":"info","event":"http_request","method":"GET","path":"/style.css","statusCode":304,"durationMs":1,"ip":"::1"}
{"timestamp":"2026-03-27T00:10:41.165Z","level":"info","event":"http_request","method":"GET","path":"/script.js","statusCode":304,"durationMs":1,"ip":"::1"}
{"timestamp":"2026-03-27T00:10:47.446Z","level":"info","event":"http_request","method":"GET","path":"/contact.html","statusCode":304,"durationMs":0,"ip":"::1"}
{"timestamp":"2026-03-27T00:10:47.513Z","level":"info","event":"http_request","method":"GET","path":"/style.css","statusCode":304,"durationMs":1,"ip":"::1"}
{"timestamp":"2026-03-27T00:10:47.532Z","level":"info","event":"http_request","method":"GET","path":"/script.js","statusCode":304,"durationMs":1,"ip":"::1"}
{"timestamp":"2026-03-27T00:10:57.421Z","level":"info","event":"http_request","method":"GET","path":"/index.html","statusCode":304,"durationMs":1,"ip":"::1"}
{"timestamp":"2026-03-27T00:10:57.483Z","level":"info","event":"http_request","method":"GET","path":"/style.css","statusCode":304,"durationMs":2,"ip":"::1"}
{"timestamp":"2026-03-27T00:10:57.496Z","level":"info","event":"http_request","method":"GET","path":"/script.js","statusCode":304,"durationMs":2,"ip":"::1"}
{"timestamp":"2026-03-27T00:10:58.691Z","level":"info","event":"http_request","method":"GET","path":"/services.html","statusCode":304,"durationMs":1,"ip":"::1"}
{"timestamp":"2026-03-27T00:10:58.771Z","level":"info","event":"http_request","method":"GET","path":"/style.css","statusCode":304,"durationMs":2,"ip":"::1"}
{"timestamp":"2026-03-27T00:10:58.774Z","level":"info","event":"http_request","method":"GET","path":"/script.js","statusCode":304,"durationMs":3,"ip":"::1"}
{"timestamp":"2026-03-27T00:11:21.311Z","level":"info","event":"create_order_started","name":"vikram","phone":"8303340092","service":"Income Tax Return (ITR)","amount":99900}
{"timestamp":"2026-03-27T00:11:21.372Z","level":"info","event":"http_request","method":"POST","path":"/api/create-order","statusCode":500,"durationMs":62,"ip":"::1"}
{"timestamp":"2026-03-27T00:11:24.622Z","level":"info","event":"create_order_started","name":"vikram","phone":"8303340092","service":"Income Tax Return (ITR)","amount":99900}
{"timestamp":"2026-03-27T00:11:24.631Z","level":"info","event":"http_request","method":"POST","path":"/api/create-order","statusCode":500,"durationMs":9,"ip":"::1"}
{"timestamp":"2026-03-27T00:11:25.582Z","level":"info","event":"create_order_started","name":"vikram","phone":"8303340092","service":"Income Tax Return (ITR)","amount":99900}
{"timestamp":"2026-03-27T00:11:25.588Z","level":"info","event":"http_request","method":"POST","path":"/api/create-order","statusCode":500,"durationMs":7,"ip":"::1"}
{"timestamp":"2026-03-27T00:11:28.985Z","level":"info","event":"create_order_started","name":"vikram","phone":"8303340092","service":"Income Tax Return (ITR)","amount":99900}
{"timestamp":"2026-03-27T00:11:32.436Z","level":"info","event":"http_request","method":"POST","path":"/api/create-order","statusCode":500,"durationMs":3452,"ip":"::1"}
{"timestamp":"2026-03-27T00:11:36.910Z","level":"info","event":"create_order_started","name":"vikram","phone":"8303340092","service":"Income Tax Return (ITR)","amount":99900}
{"timestamp":"2026-03-27T00:11:36.918Z","level":"info","event":"http_request","method":"POST","path":"/api/create-order","statusCode":500,"durationMs":8,"ip":"::1"}
{"timestamp":"2026-03-27T00:11:52.894Z","level":"info","event":"http_request","method":"GET","path":"/index.html","statusCode":304,"durationMs":1,"ip":"::1"}
{"timestamp":"2026-03-27T00:11:52.976Z","level":"info","event":"http_request","method":"GET","path":"/style.css","statusCode":304,"durationMs":7,"ip":"::1"}
{"timestamp":"2026-03-27T00:11:52.987Z","level":"info","event":"http_request","method":"GET","path":"/script.js","statusCode":304,"durationMs":2,"ip":"::1"}
{"timestamp":"2026-03-27T00:11:59.269Z","level":"info","event":"http_request","method":"GET","path":"/client.html","statusCode":304,"durationMs":1,"ip":"::1"}
{"timestamp":"2026-03-27T00:11:59.349Z","level":"info","event":"http_request","method":"GET","path":"/style.css","statusCode":304,"durationMs":1,"ip":"::1"}
{"timestamp":"2026-03-27T00:11:59.353Z","level":"info","event":"http_request","method":"GET","path":"/script.js","statusCode":304,"durationMs":2,"ip":"::1"}
{"timestamp":"2026-03-27T00:11:59.360Z","level":"info","event":"http_request","method":"GET","path":"/client.js","statusCode":304,"durationMs":8,"ip":"::1"}
{"timestamp":"2026-03-27T00:24:51.475Z","level":"info","event":"http_request","method":"GET","path":"/","statusCode":200,"durationMs":3,"ip":"::1"}
{"timestamp":"2026-03-27T00:24:51.665Z","level":"info","event":"http_request","method":"GET","path":"/style.css","statusCode":200,"durationMs":2,"ip":"::1"}
{"timestamp":"2026-03-27T00:24:51.687Z","level":"info","event":"http_request","method":"GET","path":"/script.js","statusCode":304,"durationMs":1,"ip":"::1"}
{"timestamp":"2026-03-27T00:24:51.806Z","level":"info","event":"http_request","method":"GET","path":"/chatbot.js","statusCode":200,"durationMs":8,"ip":"::1"}
{"timestamp":"2026-03-27T00:25:00.657Z","level":"info","event":"http_request","method":"POST","path":"/api/chatbot/message","statusCode":404,"durationMs":2,"ip":"::1"}
{"timestamp":"2026-03-27T00:25:26.320Z","level":"info","event":"http_request","method":"POST","path":"/api/chatbot/message","statusCode":404,"durationMs":3,"ip":"::1"}
{"timestamp":"2026-03-27T00:25:38.943Z","level":"info","event":"http_request","method":"POST","path":"/api/chatbot/message","statusCode":404,"durationMs":2,"ip":"::1"}
{"timestamp":"2026-03-27T00:28:41.703Z","level":"info","event":"http_request","method":"GET","path":"/client.html","statusCode":200,"durationMs":2,"ip":"::1"}
{"timestamp":"2026-03-27T00:28:41.787Z","level":"info","event":"http_request","method":"GET","path":"/style.css","statusCode":304,"durationMs":3,"ip":"::1"}
{"timestamp":"2026-03-27T00:28:41.791Z","level":"info","event":"http_request","method":"GET","path":"/script.js","statusCode":304,"durationMs":5,"ip":"::1"}
{"timestamp":"2026-03-27T00:28:41.804Z","level":"info","event":"http_request","method":"GET","path":"/client.js","statusCode":304,"durationMs":18,"ip":"::1"}
{"timestamp":"2026-03-27T00:28:41.811Z","level":"info","event":"http_request","method":"GET","path":"/chatbot.js","statusCode":304,"durationMs":1,"ip":"::1"}
{"timestamp":"2026-03-27T00:28:45.204Z","level":"info","event":"http_request","method":"GET","path":"/index.html","statusCode":200,"durationMs":3,"ip":"::1"}
{"timestamp":"2026-03-27T00:28:45.268Z","level":"info","event":"http_request","method":"GET","path":"/style.css","statusCode":304,"durationMs":1,"ip":"::1"}
{"timestamp":"2026-03-27T00:28:45.289Z","level":"info","event":"http_request","method":"GET","path":"/script.js","statusCode":304,"durationMs":2,"ip":"::1"}
{"timestamp":"2026-03-27T00:28:45.295Z","level":"info","event":"http_request","method":"GET","path":"/chatbot.js","statusCode":304,"durationMs":7,"ip":"::1"}
{"timestamp":"2026-03-27T00:29:00.535Z","level":"info","event":"http_request","method":"GET","path":"/contact.html","statusCode":200,"durationMs":2,"ip":"::1"}
{"timestamp":"2026-03-27T00:29:00.620Z","level":"info","event":"http_request","method":"GET","path":"/style.css","statusCode":304,"durationMs":3,"ip":"::1"}
{"timestamp":"2026-03-27T00:29:00.625Z","level":"info","event":"http_request","method":"GET","path":"/script.js","statusCode":304,"durationMs":6,"ip":"::1"}
{"timestamp":"2026-03-27T00:29:00.630Z","level":"info","event":"http_request","method":"GET","path":"/chatbot.js","statusCode":304,"durationMs":11,"ip":"::1"}
{"timestamp":"2026-03-27T00:29:08.656Z","level":"info","event":"http_request","method":"GET","path":"/services.html","statusCode":200,"durationMs":2,"ip":"::1"}
{"timestamp":"2026-03-27T00:29:08.715Z","level":"info","event":"http_request","method":"GET","path":"/style.css","statusCode":304,"durationMs":1,"ip":"::1"}
{"timestamp":"2026-03-27T00:29:08.742Z","level":"info","event":"http_request","method":"GET","path":"/script.js","statusCode":304,"durationMs":4,"ip":"::1"}
{"timestamp":"2026-03-27T00:29:08.743Z","level":"info","event":"http_request","method":"GET","path":"/chatbot.js","statusCode":304,"durationMs":4,"ip":"::1"}
{"timestamp":"2026-03-27T00:29:16.993Z","level":"info","event":"http_request","method":"GET","path":"/contact.html","statusCode":304,"durationMs":1,"ip":"::1"}
{"timestamp":"2026-03-27T00:29:17.053Z","level":"info","event":"http_request","method":"GET","path":"/style.css","statusCode":304,"durationMs":1,"ip":"::1"}
{"timestamp":"2026-03-27T00:29:17.073Z","level":"info","event":"http_request","method":"GET","path":"/script.js","statusCode":304,"durationMs":1,"ip":"::1"}
{"timestamp":"2026-03-27T00:29:17.076Z","level":"info","event":"http_request","method":"GET","path":"/chatbot.js","statusCode":304,"durationMs":3,"ip":"::1"}
{"timestamp":"2026-03-27T00:42:51.811Z","level":"info","event":"server_started","port":3000,"appUrl":"http://localhost:3000"}
{"timestamp":"2026-03-27T00:50:13.733Z","level":"info","event":"server_started","port":3000,"appUrl":"http://localhost:3000"}
{"timestamp":"2026-03-27T00:53:13.733Z","level":"info","event":"server_started","port":3000,"appUrl":"http://localhost:3000"}
{"timestamp":"2026-03-27T00:54:03.315Z","level":"info","event":"http_request","method":"GET","path":"/","statusCode":200,"durationMs":13,"ip":"::1"}
{"timestamp":"2026-03-27T00:54:03.478Z","level":"info","event":"http_request","method":"GET","path":"/style.css","statusCode":304,"durationMs":3,"ip":"::1"}
{"timestamp":"2026-03-27T00:54:03.481Z","level":"info","event":"http_request","method":"GET","path":"/script.js","statusCode":304,"durationMs":5,"ip":"::1"}
{"timestamp":"2026-03-27T00:54:03.506Z","level":"info","event":"http_request","method":"GET","path":"/chatbot.js","statusCode":304,"durationMs":1,"ip":"::1"}
{"timestamp":"2026-03-27T00:54:04.425Z","level":"info","event":"http_request","method":"GET","path":"/","statusCode":304,"durationMs":2,"ip":"::1"}
{"timestamp":"2026-03-27T00:54:04.884Z","level":"info","event":"http_request","method":"GET","path":"/style.css","statusCode":304,"durationMs":4,"ip":"::1"}
{"timestamp":"2026-03-27T00:54:04.889Z","level":"info","event":"http_request","method":"GET","path":"/script.js","statusCode":304,"durationMs":6,"ip":"::1"}
{"timestamp":"2026-03-27T00:54:04.892Z","level":"info","event":"http_request","method":"GET","path":"/chatbot.js","statusCode":304,"durationMs":9,"ip":"::1"}
{"timestamp":"2026-03-27T00:54:05.143Z","level":"info","event":"http_request","method":"GET","path":"/favicon.ico","statusCode":404,"durationMs":7,"ip":"::1"}
{"timestamp":"2026-03-27T00:54:10.801Z","level":"info","event":"http_request","method":"GET","path":"/client.html","statusCode":304,"durationMs":1,"ip":"::1"}
{"timestamp":"2026-03-27T00:54:10.852Z","level":"info","event":"http_request","method":"GET","path":"/style.css","statusCode":304,"durationMs":1,"ip":"::1"}
{"timestamp":"2026-03-27T00:54:10.878Z","level":"info","event":"http_request","method":"GET","path":"/script.js","statusCode":304,"durationMs":4,"ip":"::1"}
{"timestamp":"2026-03-27T00:54:10.881Z","level":"info","event":"http_request","method":"GET","path":"/client.js","statusCode":304,"durationMs":4,"ip":"::1"}
{"timestamp":"2026-03-27T00:54:10.885Z","level":"info","event":"http_request","method":"GET","path":"/chatbot.js","statusCode":304,"durationMs":2,"ip":"::1"}
{"timestamp":"2026-03-27T00:54:13.936Z","level":"info","event":"http_request","method":"GET","path":"/contact.html","statusCode":304,"durationMs":2,"ip":"::1"}
{"timestamp":"2026-03-27T00:54:14.016Z","level":"info","event":"http_request","method":"GET","path":"/style.css","statusCode":304,"durationMs":3,"ip":"::1"}
{"timestamp":"2026-03-27T00:54:14.018Z","level":"info","event":"http_request","method":"GET","path":"/script.js","statusCode":304,"durationMs":3,"ip":"::1"}
{"timestamp":"2026-03-27T00:54:14.021Z","level":"info","event":"http_request","method":"GET","path":"/chatbot.js","statusCode":304,"durationMs":6,"ip":"::1"}
{"timestamp":"2026-03-27T00:54:15.200Z","level":"info","event":"http_request","method":"GET","path":"/services.html","statusCode":304,"durationMs":1,"ip":"::1"}
{"timestamp":"2026-03-27T00:54:15.250Z","level":"info","event":"http_request","method":"GET","path":"/style.css","statusCode":304,"durationMs":1,"ip":"::1"}
{"timestamp":"2026-03-27T00:54:15.273Z","level":"info","event":"http_request","method":"GET","path":"/script.js","statusCode":304,"durationMs":2,"ip":"::1"}
{"timestamp":"2026-03-27T00:54:15.276Z","level":"info","event":"http_request","method":"GET","path":"/chatbot.js","statusCode":304,"durationMs":4,"ip":"::1"}
{"timestamp":"2026-03-27T00:54:53.575Z","level":"info","event":"http_request","method":"GET","path":"/","statusCode":304,"durationMs":2,"ip":"::1"}
{"timestamp":"2026-03-27T00:54:53.790Z","level":"info","event":"http_request","method":"GET","path":"/style.css","statusCode":304,"durationMs":1,"ip":"::1"}
{"timestamp":"2026-03-27T00:54:53.793Z","level":"info","event":"http_request","method":"GET","path":"/script.js","statusCode":304,"durationMs":1,"ip":"::1"}
{"timestamp":"2026-03-27T00:54:53.803Z","level":"info","event":"http_request","method":"GET","path":"/chatbot.js","statusCode":304,"durationMs":1,"ip":"::1"}
{"timestamp":"2026-03-27T00:59:35.375Z","level":"info","event":"http_request","method":"GET","path":"/","statusCode":304,"durationMs":1,"ip":"::1"}
{"timestamp":"2026-03-27T00:59:35.557Z","level":"info","event":"http_request","method":"GET","path":"/script.js","statusCode":304,"durationMs":1,"ip":"::1"}
{"timestamp":"2026-03-27T00:59:35.559Z","level":"info","event":"http_request","method":"GET","path":"/style.css","statusCode":304,"durationMs":2,"ip":"::1"}
{"timestamp":"2026-03-27T00:59:35.566Z","level":"info","event":"http_request","method":"GET","path":"/chatbot.js","statusCode":304,"durationMs":1,"ip":"::1"}
{"timestamp":"2026-03-27T00:59:35.902Z","level":"info","event":"http_request","method":"GET","path":"/favicon.ico","statusCode":404,"durationMs":4,"ip":"::1"}
{"timestamp":"2026-03-27T00:59:43.117Z","level":"info","event":"http_request","method":"GET","path":"/contact.html","statusCode":304,"durationMs":4,"ip":"::1"}
{"timestamp":"2026-03-27T00:59:43.171Z","level":"info","event":"http_request","method":"GET","path":"/style.css","statusCode":304,"durationMs":1,"ip":"::1"}
{"timestamp":"2026-03-27T00:59:43.185Z","level":"info","event":"http_request","method":"GET","path":"/script.js","statusCode":304,"durationMs":2,"ip":"::1"}
{"timestamp":"2026-03-27T00:59:43.190Z","level":"info","event":"http_request","method":"GET","path":"/chatbot.js","statusCode":304,"durationMs":6,"ip":"::1"}
{"timestamp":"2026-03-27T01:00:03.218Z","level":"info","event":"http_request","method":"POST","path":"/api/leads","statusCode":201,"durationMs":32,"ip":"::1"}
{"timestamp":"2026-03-27T01:00:10.165Z","level":"info","event":"http_request","method":"GET","path":"/admin.html","statusCode":304,"durationMs":1,"ip":"::1"}
{"timestamp":"2026-03-27T01:00:10.230Z","level":"info","event":"http_request","method":"GET","path":"/style.css","statusCode":304,"durationMs":7,"ip":"::1"}
{"timestamp":"2026-03-27T01:00:10.239Z","level":"info","event":"http_request","method":"GET","path":"/admin.js","statusCode":304,"durationMs":1,"ip":"::1"}
{"timestamp":"2026-03-27T01:00:10.266Z","level":"info","event":"http_request","method":"GET","path":"/api/admin/session","statusCode":304,"durationMs":3,"ip":"::1"}
{"timestamp":"2026-03-27T01:00:22.073Z","level":"info","event":"http_request","method":"POST","path":"/api/admin/login","statusCode":200,"durationMs":4,"ip":"::1"}
{"timestamp":"2026-03-27T01:00:22.108Z","level":"info","event":"http_request","method":"GET","path":"/api/admin/leads?search=&service=&date=","statusCode":200,"durationMs":21,"ip":"::1"}
{"timestamp":"2026-03-27T01:00:31.543Z","level":"info","event":"http_request","method":"GET","path":"/api/admin/leads?search=&service=Trademark+Registration&date=","statusCode":200,"durationMs":2,"ip":"::1"}
{"timestamp":"2026-03-27T01:00:34.092Z","level":"info","event":"http_request","method":"GET","path":"/api/admin/leads?search=&service=Trademark+Registration&date=","statusCode":304,"durationMs":2,"ip":"::1"}
{"timestamp":"2026-03-27T01:00:40.232Z","level":"info","event":"http_request","method":"GET","path":"/api/admin/leads?search=&service=Trademark+Registration&date=0002-03-27","statusCode":200,"durationMs":3,"ip":"::1"}
{"timestamp":"2026-03-27T01:00:40.413Z","level":"info","event":"http_request","method":"GET","path":"/api/admin/leads?search=&service=Trademark+Registration&date=0020-03-27","statusCode":200,"durationMs":4,"ip":"::1"}
{"timestamp":"2026-03-27T01:00:40.797Z","level":"info","event":"http_request","method":"GET","path":"/api/admin/leads?search=&service=Trademark+Registration&date=0202-03-27","statusCode":200,"durationMs":3,"ip":"::1"}
{"timestamp":"2026-03-27T01:00:41.046Z","level":"info","event":"http_request","method":"GET","path":"/api/admin/leads?search=&service=Trademark+Registration&date=2026-03-27","statusCode":200,"durationMs":3,"ip":"::1"}
{"timestamp":"2026-03-27T01:00:49.258Z","level":"info","event":"http_request","method":"POST","path":"/api/admin/logout","statusCode":200,"durationMs":0,"ip":"::1"}
{"timestamp":"2026-03-27T01:00:51.076Z","level":"info","event":"http_request","method":"GET","path":"/index.html","statusCode":304,"durationMs":1,"ip":"::1"}
{"timestamp":"2026-03-27T01:00:51.165Z","level":"info","event":"http_request","method":"GET","path":"/style.css","statusCode":304,"durationMs":2,"ip":"::1"}
{"timestamp":"2026-03-27T01:00:51.170Z","level":"info","event":"http_request","method":"GET","path":"/script.js","statusCode":304,"durationMs":3,"ip":"::1"}
{"timestamp":"2026-03-27T01:00:51.179Z","level":"info","event":"http_request","method":"GET","path":"/chatbot.js","statusCode":304,"durationMs":1,"ip":"::1"}
{"timestamp":"2026-03-27T01:00:58.100Z","level":"info","event":"http_request","method":"GET","path":"/client.html","statusCode":304,"durationMs":2,"ip":"::1"}
{"timestamp":"2026-03-27T01:00:58.157Z","level":"info","event":"http_request","method":"GET","path":"/style.css","statusCode":304,"durationMs":0,"ip":"::1"}
{"timestamp":"2026-03-27T01:00:58.186Z","level":"info","event":"http_request","method":"GET","path":"/script.js","statusCode":304,"durationMs":4,"ip":"::1"}
{"timestamp":"2026-03-27T01:00:58.191Z","level":"info","event":"http_request","method":"GET","path":"/chatbot.js","statusCode":304,"durationMs":6,"ip":"::1"}
{"timestamp":"2026-03-27T01:00:58.199Z","level":"info","event":"http_request","method":"GET","path":"/client.js","statusCode":304,"durationMs":15,"ip":"::1"}
{"timestamp":"2026-03-27T01:01:05.196Z","level":"info","event":"otp_sent","phone":"8303340092","otp":"432633","expiresAt":"2026-03-27T01:06:05.183Z","provider":"mock"}
{"timestamp":"2026-03-27T01:01:05.200Z","level":"info","event":"http_request","method":"POST","path":"/api/otp/send-otp","statusCode":200,"durationMs":18,"ip":"::1"}
{"timestamp":"2026-03-27T01:01:16.829Z","level":"info","event":"otp_verified","phone":"8303340092","clientId":1}
{"timestamp":"2026-03-27T01:01:16.831Z","level":"info","event":"http_request","method":"POST","path":"/api/otp/verify-otp","statusCode":200,"durationMs":16,"ip":"::1"}
{"timestamp":"2026-03-27T01:01:16.855Z","level":"info","event":"http_request","method":"GET","path":"/client/payments","statusCode":304,"durationMs":9,"ip":"::1"}
{"timestamp":"2026-03-27T01:01:16.857Z","level":"info","event":"http_request","method":"GET","path":"/client/services","statusCode":304,"durationMs":10,"ip":"::1"}
{"timestamp":"2026-03-27T01:01:16.859Z","level":"info","event":"http_request","method":"GET","path":"/client/documents","statusCode":304,"durationMs":12,"ip":"::1"}
{"timestamp":"2026-03-27T01:01:16.862Z","level":"info","event":"http_request","method":"GET","path":"/client/dashboard","statusCode":304,"durationMs":22,"ip":"::1"}
{"timestamp":"2026-03-27T01:01:30.613Z","level":"info","event":"http_request","method":"POST","path":"/client/documents/upload","statusCode":400,"durationMs":12,"ip":"::1"}
{"timestamp":"2026-03-27T01:01:42.133Z","level":"info","event":"http_request","method":"POST","path":"/client/documents/upload","statusCode":500,"durationMs":21,"ip":"::1"}
{"timestamp":"2026-03-27T01:01:56.447Z","level":"info","event":"http_request","method":"POST","path":"/client/documents/upload","statusCode":500,"durationMs":11,"ip":"::1"}
{"timestamp":"2026-03-27T01:02:16.038Z","level":"info","event":"http_request","method":"POST","path":"/client/documents/upload","statusCode":500,"durationMs":10,"ip":"::1"}
{"timestamp":"2026-03-27T01:02:27.559Z","level":"info","event":"http_request","method":"GET","path":"/index.html","statusCode":304,"durationMs":1,"ip":"::1"}
{"timestamp":"2026-03-27T01:02:27.641Z","level":"info","event":"http_request","method":"GET","path":"/style.css","statusCode":304,"durationMs":1,"ip":"::1"}
{"timestamp":"2026-03-27T01:02:27.648Z","level":"info","event":"http_request","method":"GET","path":"/script.js","statusCode":304,"durationMs":1,"ip":"::1"}
{"timestamp":"2026-03-27T01:02:27.656Z","level":"info","event":"http_request","method":"GET","path":"/chatbot.js","statusCode":304,"durationMs":9,"ip":"::1"}
{"timestamp":"2026-03-27T01:02:37.365Z","level":"info","event":"http_request","method":"GET","path":"/index.html","statusCode":304,"durationMs":0,"ip":"::1"}
{"timestamp":"2026-03-27T01:02:37.423Z","level":"info","event":"http_request","method":"GET","path":"/style.css","statusCode":304,"durationMs":0,"ip":"::1"}
{"timestamp":"2026-03-27T01:02:37.434Z","level":"info","event":"http_request","method":"GET","path":"/script.js","statusCode":304,"durationMs":2,"ip":"::1"}
{"timestamp":"2026-03-27T01:02:37.444Z","level":"info","event":"http_request","method":"GET","path":"/chatbot.js","statusCode":304,"durationMs":1,"ip":"::1"}
{"timestamp":"2026-03-28T11:02:02.251Z","level":"info","event":"server_started","port":3000,"appUrl":"http://localhost:3000"}
{"timestamp":"2026-03-28T11:02:24.329Z","level":"info","event":"http_request","method":"GET","path":"/","statusCode":304,"durationMs":5,"ip":"::1"}
{"timestamp":"2026-03-28T11:02:24.546Z","level":"info","event":"http_request","method":"GET","path":"/script.js","statusCode":304,"durationMs":3,"ip":"::1"}
{"timestamp":"2026-03-28T11:02:24.548Z","level":"info","event":"http_request","method":"GET","path":"/style.css","statusCode":304,"durationMs":4,"ip":"::1"}
{"timestamp":"2026-03-28T11:02:24.556Z","level":"info","event":"http_request","method":"GET","path":"/chatbot.js","statusCode":304,"durationMs":1,"ip":"::1"}
{"timestamp":"2026-03-28T11:02:25.224Z","level":"info","event":"http_request","method":"GET","path":"/favicon.ico","statusCode":404,"durationMs":11,"ip":"::1"}
{"timestamp":"2026-03-28T11:02:29.365Z","level":"info","event":"http_request","method":"GET","path":"/","statusCode":304,"durationMs":2,"ip":"::1"}
{"timestamp":"2026-03-28T11:02:29.428Z","level":"info","event":"http_request","method":"GET","path":"/style.css","statusCode":304,"durationMs":1,"ip":"::1"}
{"timestamp":"2026-03-28T11:02:29.440Z","level":"info","event":"http_request","method":"GET","path":"/script.js","statusCode":304,"durationMs":2,"ip":"::1"}
{"timestamp":"2026-03-28T11:02:29.443Z","level":"info","event":"http_request","method":"GET","path":"/chatbot.js","statusCode":304,"durationMs":4,"ip":"::1"}
{"timestamp":"2026-03-28T11:02:34.029Z","level":"info","event":"http_request","method":"GET","path":"/client.html","statusCode":304,"durationMs":2,"ip":"::1"}
{"timestamp":"2026-03-28T11:02:34.102Z","level":"info","event":"http_request","method":"GET","path":"/style.css","statusCode":304,"durationMs":2,"ip":"::1"}
{"timestamp":"2026-03-28T11:02:34.113Z","level":"info","event":"http_request","method":"GET","path":"/script.js","statusCode":304,"durationMs":1,"ip":"::1"}
{"timestamp":"2026-03-28T11:02:34.124Z","level":"info","event":"http_request","method":"GET","path":"/chatbot.js","statusCode":304,"durationMs":5,"ip":"::1"}
{"timestamp":"2026-03-28T11:02:34.160Z","level":"info","event":"http_request","method":"GET","path":"/client.js","statusCode":304,"durationMs":1,"ip":"::1"}
{"timestamp":"2026-03-28T11:02:37.943Z","level":"info","event":"otp_sent","phone":"8303340092","otp":"455151","expiresAt":"2026-03-28T11:07:37.931Z","provider":"mock"}
{"timestamp":"2026-03-28T11:02:37.945Z","level":"info","event":"http_request","method":"POST","path":"/api/otp/send-otp","statusCode":200,"durationMs":16,"ip":"::1"}
{"timestamp":"2026-03-28T11:02:47.189Z","level":"info","event":"otp_verified","phone":"8303340092","clientId":1}
{"timestamp":"2026-03-28T11:02:47.191Z","level":"info","event":"http_request","method":"POST","path":"/api/otp/verify-otp","statusCode":200,"durationMs":19,"ip":"::1"}
{"timestamp":"2026-03-28T11:02:47.214Z","level":"info","event":"http_request","method":"GET","path":"/client/payments","statusCode":304,"durationMs":13,"ip":"::1"}
{"timestamp":"2026-03-28T11:02:47.222Z","level":"info","event":"http_request","method":"GET","path":"/client/services","statusCode":304,"durationMs":15,"ip":"::1"}
{"timestamp":"2026-03-28T11:02:47.225Z","level":"info","event":"http_request","method":"GET","path":"/client/documents","statusCode":304,"durationMs":17,"ip":"::1"}
{"timestamp":"2026-03-28T11:02:47.229Z","level":"info","event":"http_request","method":"GET","path":"/client/dashboard","statusCode":304,"durationMs":29,"ip":"::1"}
{"timestamp":"2026-03-28T11:02:54.829Z","level":"info","event":"http_request","method":"POST","path":"/client/documents/upload","statusCode":500,"durationMs":32,"ip":"::1"}
{"timestamp":"2026-03-28T11:03:01.527Z","level":"info","event":"http_request","method":"POST","path":"/client/documents/upload","statusCode":500,"durationMs":12,"ip":"::1"}
{"timestamp":"2026-03-28T11:03:09.455Z","level":"info","event":"http_request","method":"GET","path":"/services.html","statusCode":304,"durationMs":3,"ip":"::1"}
{"timestamp":"2026-03-28T11:03:09.541Z","level":"info","event":"http_request","method":"GET","path":"/style.css","statusCode":304,"durationMs":1,"ip":"::1"}
{"timestamp":"2026-03-28T11:03:09.568Z","level":"info","event":"http_request","method":"GET","path":"/script.js","statusCode":304,"durationMs":9,"ip":"::1"}
{"timestamp":"2026-03-28T11:03:09.589Z","level":"info","event":"http_request","method":"GET","path":"/chatbot.js","statusCode":304,"durationMs":29,"ip":"::1"}
{"timestamp":"2026-03-28T11:03:20.648Z","level":"info","event":"create_order_started","name":"A Laxmi Narasai","phone":"8303340092","service":"Income Tax Return (ITR)","amount":99900}
{"timestamp":"2026-03-28T11:03:21.071Z","level":"info","event":"create_order_completed","orderId":"order_SWcdy9ogVIuK0A"}
{"timestamp":"2026-03-28T11:03:21.074Z","level":"info","event":"http_request","method":"POST","path":"/api/create-order","statusCode":201,"durationMs":426,"ip":"::1"}
{"timestamp":"2026-03-28T11:03:51.333Z","level":"info","event":"verify_payment_received","orderId":"order_SWcdy9ogVIuK0A","paymentId":"pay_SWceE1xIRTkFq8","hasSignature":true}
{"timestamp":"2026-03-28T11:03:51.340Z","level":"info","event":"verify_payment_signature_checked","orderId":"order_SWcdy9ogVIuK0A","paymentId":"pay_SWceE1xIRTkFq8","isSignatureValid":true}
{"timestamp":"2026-03-28T11:03:51.522Z","level":"info","event":"invoice_generated","orderId":"order_SWcdy9ogVIuK0A","invoiceUrl":"http://localhost:3000/invoice-files/INV-OGVIUK0A.pdf"}
{"timestamp":"2026-03-28T11:03:52.374Z","level":"info","event":"whatsapp_result_recorded","orderId":"order_SWcdy9ogVIuK0A","whatsappStatus":"failed"}
{"timestamp":"2026-03-28T11:03:52.375Z","level":"info","event":"verify_payment_completed","orderId":"order_SWcdy9ogVIuK0A","paymentId":"pay_SWceE1xIRTkFq8","clientId":1,"invoiceGenerated":true,"whatsappStatus":"failed"}
{"timestamp":"2026-03-28T11:03:52.378Z","level":"info","event":"http_request","method":"POST","path":"/api/verify-payment","statusCode":200,"durationMs":1045,"ip":"::1"}
{"timestamp":"2026-03-28T11:03:52.431Z","level":"info","event":"http_request","method":"GET","path":"/payment-success.html?order_id=order_SWcdy9ogVIuK0A","statusCode":200,"durationMs":5,"ip":"::1"}
{"timestamp":"2026-03-28T11:03:52.954Z","level":"info","event":"http_request","method":"GET","path":"/style.css","statusCode":304,"durationMs":1,"ip":"::1"}
{"timestamp":"2026-03-28T11:03:52.963Z","level":"info","event":"http_request","method":"GET","path":"/payment-success.js","statusCode":200,"durationMs":4,"ip":"::1"}
{"timestamp":"2026-03-28T11:03:52.969Z","level":"info","event":"http_request","method":"GET","path":"/chatbot.js","statusCode":304,"durationMs":1,"ip":"::1"}
{"timestamp":"2026-03-28T11:03:52.993Z","level":"info","event":"http_request","method":"GET","path":"/api/payment-details/order_SWcdy9ogVIuK0A","statusCode":200,"durationMs":10,"ip":"::1"}
{"timestamp":"2026-03-28T11:03:58.448Z","level":"info","event":"http_request","method":"GET","path":"/invoice-files/INV-OGVIUK0A.pdf","statusCode":200,"durationMs":4,"ip":"::1"}
{"timestamp":"2026-03-28T11:04:04.510Z","level":"info","event":"http_request","method":"GET","path":"/services.html","statusCode":304,"durationMs":1,"ip":"::1"}
{"timestamp":"2026-03-28T11:04:04.582Z","level":"info","event":"http_request","method":"GET","path":"/style.css","statusCode":304,"durationMs":1,"ip":"::1"}
{"timestamp":"2026-03-28T11:04:04.603Z","level":"info","event":"http_request","method":"GET","path":"/script.js","statusCode":304,"durationMs":2,"ip":"::1"}
{"timestamp":"2026-03-28T11:04:04.606Z","level":"info","event":"http_request","method":"GET","path":"/chatbot.js","statusCode":304,"durationMs":4,"ip":"::1"}
{"timestamp":"2026-03-28T11:04:07.400Z","level":"info","event":"http_request","method":"GET","path":"/index.html","statusCode":304,"durationMs":1,"ip":"::1"}
{"timestamp":"2026-03-28T11:04:07.475Z","level":"info","event":"http_request","method":"GET","path":"/style.css","statusCode":304,"durationMs":1,"ip":"::1"}
{"timestamp":"2026-03-28T11:04:07.487Z","level":"info","event":"http_request","method":"GET","path":"/script.js","statusCode":304,"durationMs":2,"ip":"::1"}
{"timestamp":"2026-03-28T11:04:07.498Z","level":"info","event":"http_request","method":"GET","path":"/chatbot.js","statusCode":304,"durationMs":1,"ip":"::1"}
{"timestamp":"2026-03-28T11:04:08.951Z","level":"info","event":"http_request","method":"GET","path":"/client.html","statusCode":304,"durationMs":0,"ip":"::1"}
{"timestamp":"2026-03-28T11:04:09.026Z","level":"info","event":"http_request","method":"GET","path":"/style.css","statusCode":304,"durationMs":2,"ip":"::1"}
{"timestamp":"2026-03-28T11:04:09.038Z","level":"info","event":"http_request","method":"GET","path":"/script.js","statusCode":304,"durationMs":1,"ip":"::1"}
{"timestamp":"2026-03-28T11:04:09.047Z","level":"info","event":"http_request","method":"GET","path":"/client.js","statusCode":304,"durationMs":1,"ip":"::1"}
{"timestamp":"2026-03-28T11:04:09.054Z","level":"info","event":"http_request","method":"GET","path":"/chatbot.js","statusCode":304,"durationMs":8,"ip":"::1"}
{"timestamp":"2026-03-28T11:04:12.020Z","level":"info","event":"otp_sent","phone":"8303340092","otp":"874789","expiresAt":"2026-03-28T11:09:12.007Z","provider":"mock"}
{"timestamp":"2026-03-28T11:04:12.022Z","level":"info","event":"http_request","method":"POST","path":"/api/otp/send-otp","statusCode":200,"durationMs":15,"ip":"::1"}
{"timestamp":"2026-03-28T11:04:22.520Z","level":"info","event":"otp_verified","phone":"8303340092","clientId":1}
{"timestamp":"2026-03-28T11:04:22.522Z","level":"info","event":"http_request","method":"POST","path":"/api/otp/verify-otp","statusCode":200,"durationMs":11,"ip":"::1"}
{"timestamp":"2026-03-28T11:04:22.548Z","level":"info","event":"http_request","method":"GET","path":"/client/dashboard","statusCode":200,"durationMs":12,"ip":"::1"}
{"timestamp":"2026-03-28T11:04:22.555Z","level":"info","event":"http_request","method":"GET","path":"/client/payments","statusCode":200,"durationMs":12,"ip":"::1"}
{"timestamp":"2026-03-28T11:04:22.558Z","level":"info","event":"http_request","method":"GET","path":"/client/services","statusCode":200,"durationMs":12,"ip":"::1"}
{"timestamp":"2026-03-28T11:04:22.561Z","level":"info","event":"http_request","method":"GET","path":"/client/documents","statusCode":304,"durationMs":9,"ip":"::1"}
{"timestamp":"2026-03-28T11:06:05.580Z","level":"info","event":"http_request","method":"POST","path":"/client/documents/upload","statusCode":500,"durationMs":11,"ip":"::1"}
{"timestamp":"2026-03-28T12:07:45.193Z","level":"info","event":"http_request","method":"GET","path":"/index.html","statusCode":304,"durationMs":3,"ip":"::1"}
{"timestamp":"2026-03-28T12:07:45.294Z","level":"info","event":"http_request","method":"GET","path":"/style.css","statusCode":304,"durationMs":1,"ip":"::1"}
{"timestamp":"2026-03-28T12:07:45.305Z","level":"info","event":"http_request","method":"GET","path":"/script.js","statusCode":304,"durationMs":3,"ip":"::1"}
{"timestamp":"2026-03-28T12:07:45.308Z","level":"info","event":"http_request","method":"GET","path":"/chatbot.js","statusCode":304,"durationMs":5,"ip":"::1"}
{"timestamp":"2026-03-28T12:10:35.789Z","level":"info","event":"http_request","method":"GET","path":"/services.html","statusCode":304,"durationMs":10,"ip":"::1"}
{"timestamp":"2026-03-28T12:10:35.876Z","level":"info","event":"http_request","method":"GET","path":"/style.css","statusCode":304,"durationMs":3,"ip":"::1"}
{"timestamp":"2026-03-28T12:10:35.880Z","level":"info","event":"http_request","method":"GET","path":"/script.js","statusCode":304,"durationMs":5,"ip":"::1"}
{"timestamp":"2026-03-28T12:10:35.885Z","level":"info","event":"http_request","method":"GET","path":"/chatbot.js","statusCode":304,"durationMs":10,"ip":"::1"}
{"timestamp":"2026-03-28T12:10:51.685Z","level":"info","event":"http_request","method":"GET","path":"/contact.html","statusCode":200,"durationMs":7,"ip":"::1"}
{"timestamp":"2026-03-28T12:10:51.759Z","level":"info","event":"http_request","method":"GET","path":"/style.css","statusCode":304,"durationMs":1,"ip":"::1"}
{"timestamp":"2026-03-28T12:10:51.768Z","level":"info","event":"http_request","method":"GET","path":"/script.js","statusCode":304,"durationMs":1,"ip":"::1"}
{"timestamp":"2026-03-28T12:10:51.776Z","level":"info","event":"http_request","method":"GET","path":"/chatbot.js","statusCode":304,"durationMs":2,"ip":"::1"}
{"timestamp":"2026-03-28T12:10:56.806Z","level":"info","event":"http_request","method":"GET","path":"/services.html","statusCode":304,"durationMs":1,"ip":"::1"}
{"timestamp":"2026-03-28T12:10:56.884Z","level":"info","event":"http_request","method":"GET","path":"/style.css","statusCode":304,"durationMs":1,"ip":"::1"}
{"timestamp":"2026-03-28T12:10:56.909Z","level":"info","event":"http_request","method":"GET","path":"/script.js","statusCode":304,"durationMs":1,"ip":"::1"}
{"timestamp":"2026-03-28T12:10:56.926Z","level":"info","event":"http_request","method":"GET","path":"/chatbot.js","statusCode":304,"durationMs":1,"ip":"::1"}
{"timestamp":"2026-03-28T12:10:58.260Z","level":"info","event":"http_request","method":"GET","path":"/index.html","statusCode":304,"durationMs":1,"ip":"::1"}
{"timestamp":"2026-03-28T12:10:58.342Z","level":"info","event":"http_request","method":"GET","path":"/style.css","statusCode":304,"durationMs":1,"ip":"::1"}
{"timestamp":"2026-03-28T12:10:58.357Z","level":"info","event":"http_request","method":"GET","path":"/script.js","statusCode":304,"durationMs":4,"ip":"::1"}
{"timestamp":"2026-03-28T12:10:58.364Z","level":"info","event":"http_request","method":"GET","path":"/chatbot.js","statusCode":304,"durationMs":1,"ip":"::1"}
{"timestamp":"2026-03-28T12:11:01.928Z","level":"info","event":"http_request","method":"GET","path":"/client.html","statusCode":304,"durationMs":2,"ip":"::1"}
{"timestamp":"2026-03-28T12:11:01.998Z","level":"info","event":"http_request","method":"GET","path":"/style.css","statusCode":304,"durationMs":1,"ip":"::1"}
{"timestamp":"2026-03-28T12:11:02.010Z","level":"info","event":"http_request","method":"GET","path":"/script.js","statusCode":304,"durationMs":2,"ip":"::1"}
{"timestamp":"2026-03-28T12:11:02.041Z","level":"info","event":"http_request","method":"GET","path":"/client.js","statusCode":304,"durationMs":11,"ip":"::1"}
{"timestamp":"2026-03-28T12:11:02.044Z","level":"info","event":"http_request","method":"GET","path":"/chatbot.js","statusCode":304,"durationMs":14,"ip":"::1"}
{"timestamp":"2026-03-28T12:11:15.710Z","level":"info","event":"http_request","method":"GET","path":"/contact.html","statusCode":304,"durationMs":1,"ip":"::1"}
{"timestamp":"2026-03-28T12:11:15.787Z","level":"info","event":"http_request","method":"GET","path":"/style.css","statusCode":304,"durationMs":2,"ip":"::1"}
{"timestamp":"2026-03-28T12:11:15.793Z","level":"info","event":"http_request","method":"GET","path":"/script.js","statusCode":304,"durationMs":2,"ip":"::1"}
{"timestamp":"2026-03-28T12:11:15.799Z","level":"info","event":"http_request","method":"GET","path":"/chatbot.js","statusCode":304,"durationMs":7,"ip":"::1"}
{"timestamp":"2026-03-28T12:11:17.102Z","level":"info","event":"http_request","method":"GET","path":"/services.html","statusCode":304,"durationMs":1,"ip":"::1"}
{"timestamp":"2026-03-28T12:11:17.169Z","level":"info","event":"http_request","method":"GET","path":"/style.css","statusCode":304,"durationMs":1,"ip":"::1"}
{"timestamp":"2026-03-28T12:11:17.188Z","level":"info","event":"http_request","method":"GET","path":"/script.js","statusCode":304,"durationMs":4,"ip":"::1"}
{"timestamp":"2026-03-28T12:11:17.193Z","level":"info","event":"http_request","method":"GET","path":"/chatbot.js","statusCode":304,"durationMs":9,"ip":"::1"}
{"timestamp":"2026-03-28T12:11:18.542Z","level":"info","event":"http_request","method":"GET","path":"/index.html","statusCode":304,"durationMs":2,"ip":"::1"}
{"timestamp":"2026-03-28T12:11:18.636Z","level":"info","event":"http_request","method":"GET","path":"/style.css","statusCode":304,"durationMs":1,"ip":"::1"}
{"timestamp":"2026-03-28T12:11:18.643Z","level":"info","event":"http_request","method":"GET","path":"/script.js","statusCode":304,"durationMs":7,"ip":"::1"}
{"timestamp":"2026-03-28T12:11:18.653Z","level":"info","event":"http_request","method":"GET","path":"/chatbot.js","statusCode":304,"durationMs":1,"ip":"::1"}
{"timestamp":"2026-03-28T12:11:26.101Z","level":"info","event":"http_request","method":"GET","path":"/index.html","statusCode":304,"durationMs":1,"ip":"::1"}
{"timestamp":"2026-03-28T12:11:26.193Z","level":"info","event":"http_request","method":"GET","path":"/style.css","statusCode":304,"durationMs":4,"ip":"::1"}
{"timestamp":"2026-03-28T12:11:26.205Z","level":"info","event":"http_request","method":"GET","path":"/script.js","statusCode":304,"durationMs":4,"ip":"::1"}
{"timestamp":"2026-03-28T12:11:26.209Z","level":"info","event":"http_request","method":"GET","path":"/chatbot.js","statusCode":304,"durationMs":6,"ip":"::1"}
{"timestamp":"2026-03-28T15:25:40.269Z","level":"info","event":"http_request","method":"GET","path":"/","statusCode":304,"durationMs":3,"ip":"::1"}
{"timestamp":"2026-03-28T15:25:40.679Z","level":"info","event":"http_request","method":"GET","path":"/style.css","statusCode":304,"durationMs":3,"ip":"::1"}
{"timestamp":"2026-03-28T15:25:40.688Z","level":"info","event":"http_request","method":"GET","path":"/script.js","statusCode":304,"durationMs":8,"ip":"::1"}
{"timestamp":"2026-03-28T15:25:40.701Z","level":"info","event":"http_request","method":"GET","path":"/chatbot.js","statusCode":304,"durationMs":1,"ip":"::1"}
{"timestamp":"2026-03-28T15:25:41.219Z","level":"info","event":"http_request","method":"GET","path":"/favicon.ico","statusCode":404,"durationMs":12,"ip":"::1"}
{"timestamp":"2026-03-28T15:25:43.825Z","level":"info","event":"http_request","method":"GET","path":"/index.html","statusCode":304,"durationMs":1,"ip":"::1"}
{"timestamp":"2026-03-28T15:25:43.912Z","level":"info","event":"http_request","method":"GET","path":"/style.css","statusCode":304,"durationMs":1,"ip":"::1"}
{"timestamp":"2026-03-28T15:25:43.924Z","level":"info","event":"http_request","method":"GET","path":"/script.js","statusCode":304,"durationMs":1,"ip":"::1"}
{"timestamp":"2026-03-28T15:25:43.931Z","level":"info","event":"http_request","method":"GET","path":"/chatbot.js","statusCode":304,"durationMs":1,"ip":"::1"}
{"timestamp":"2026-03-28T15:25:50.180Z","level":"info","event":"http_request","method":"GET","path":"/client.html","statusCode":304,"durationMs":2,"ip":"::1"}
{"timestamp":"2026-03-28T15:25:50.271Z","level":"info","event":"http_request","method":"GET","path":"/style.css","statusCode":304,"durationMs":1,"ip":"::1"}
{"timestamp":"2026-03-28T15:25:50.285Z","level":"info","event":"http_request","method":"GET","path":"/script.js","statusCode":304,"durationMs":2,"ip":"::1"}
{"timestamp":"2026-03-28T15:25:50.291Z","level":"info","event":"http_request","method":"GET","path":"/client.js","statusCode":304,"durationMs":2,"ip":"::1"}
{"timestamp":"2026-03-28T15:25:50.325Z","level":"info","event":"http_request","method":"GET","path":"/chatbot.js","statusCode":304,"durationMs":36,"ip":"::1"}
{"timestamp":"2026-03-28T15:25:52.671Z","level":"info","event":"http_request","method":"GET","path":"/services.html","statusCode":304,"durationMs":3,"ip":"::1"}
{"timestamp":"2026-03-28T15:25:52.762Z","level":"info","event":"http_request","method":"GET","path":"/style.css","statusCode":304,"durationMs":1,"ip":"::1"}
{"timestamp":"2026-03-28T15:25:52.777Z","level":"info","event":"http_request","method":"GET","path":"/script.js","statusCode":304,"durationMs":2,"ip":"::1"}
{"timestamp":"2026-03-28T15:25:52.788Z","level":"info","event":"http_request","method":"GET","path":"/chatbot.js","statusCode":304,"durationMs":12,"ip":"::1"}
{"timestamp":"2026-03-28T15:25:58.258Z","level":"info","event":"http_request","method":"GET","path":"/contact.html","statusCode":304,"durationMs":2,"ip":"::1"}
{"timestamp":"2026-03-28T15:25:58.346Z","level":"info","event":"http_request","method":"GET","path":"/style.css","statusCode":304,"durationMs":1,"ip":"::1"}
{"timestamp":"2026-03-28T15:25:58.355Z","level":"info","event":"http_request","method":"GET","path":"/script.js","statusCode":304,"durationMs":1,"ip":"::1"}
{"timestamp":"2026-03-28T15:25:58.364Z","level":"info","event":"http_request","method":"GET","path":"/chatbot.js","statusCode":304,"durationMs":2,"ip":"::1"}
{"timestamp":"2026-03-28T15:26:01.700Z","level":"info","event":"http_request","method":"GET","path":"/admin.html","statusCode":304,"durationMs":1,"ip":"::1"}
{"timestamp":"2026-03-28T15:26:01.787Z","level":"info","event":"http_request","method":"GET","path":"/style.css","statusCode":304,"durationMs":1,"ip":"::1"}
{"timestamp":"2026-03-28T15:26:01.801Z","level":"info","event":"http_request","method":"GET","path":"/admin.js","statusCode":304,"durationMs":1,"ip":"::1"}
{"timestamp":"2026-03-28T15:26:01.834Z","level":"info","event":"http_request","method":"GET","path":"/api/admin/session","statusCode":304,"durationMs":6,"ip":"::1"}
{"timestamp":"2026-03-28T15:26:03.868Z","level":"info","event":"http_request","method":"GET","path":"/index.html","statusCode":304,"durationMs":1,"ip":"::1"}
{"timestamp":"2026-03-28T15:26:03.951Z","level":"info","event":"http_request","method":"GET","path":"/style.css","statusCode":304,"durationMs":1,"ip":"::1"}
{"timestamp":"2026-03-28T15:26:03.965Z","level":"info","event":"http_request","method":"GET","path":"/script.js","statusCode":304,"durationMs":2,"ip":"::1"}
{"timestamp":"2026-03-28T15:26:03.972Z","level":"info","event":"http_request","method":"GET","path":"/chatbot.js","statusCode":304,"durationMs":8,"ip":"::1"}
{"timestamp":"2026-03-29T08:53:00.470Z","level":"info","event":"http_request","method":"GET","path":"/favicon.ico","statusCode":404,"durationMs":6,"ip":"::1"}
{"timestamp":"2026-03-29T10:40:27.754Z","level":"warn","event":"redis_disabled","reason":"REDIS_ENABLED or REDIS_URL not configured"}
{"timestamp":"2026-03-29T10:40:27.777Z","level":"info","event":"background_jobs_initialized","mode":"local_timer","intervalMs":60000}
{"timestamp":"2026-03-29T10:40:27.779Z","level":"info","event":"worker_started","dbClient":"sqlite","redisEnabled":false,"queueEnabled":false,"paymentQueueName":"payments","followUpQueueName":"followups","envFile":"backend/.env.scaled.local "}
{"timestamp":"2026-03-29T10:40:29.177Z","level":"info","event":"session_store_selected","store":"memory"}
{"timestamp":"2026-03-29T10:40:29.206Z","level":"warn","event":"redis_disabled","reason":"REDIS_ENABLED or REDIS_URL not configured"}
{"timestamp":"2026-03-29T10:40:29.207Z","level":"info","event":"background_jobs_initialized","mode":"local_timer","intervalMs":60000}
{"timestamp":"2026-03-29T10:40:29.210Z","level":"info","event":"server_started","port":3000,"appUrl":"http://localhost:3000","dbClient":"sqlite","redisEnabled":false,"queueEnabled":false,"storageDriver":"local","secureCookies":false,"envFile":"backend/.env.scaled.local "}
{"timestamp":"2026-03-29T10:40:33.208Z","level":"info","event":"http_request","method":"GET","path":"/health","statusCode":200,"durationMs":14,"ip":"::ffff:127.0.0.1"}
{"timestamp":"2026-03-29T10:41:24.974Z","level":"info","event":"http_request","method":"GET","path":"/health","statusCode":200,"durationMs":2,"ip":"::ffff:127.0.0.1"}
{"timestamp":"2026-03-29T10:42:32.801Z","level":"warn","event":"redis_disabled","reason":"REDIS_ENABLED or REDIS_URL not configured"}
{"timestamp":"2026-03-29T10:42:32.809Z","level":"info","event":"background_jobs_initialized","mode":"local_timer","intervalMs":60000}
{"timestamp":"2026-03-29T10:42:32.811Z","level":"info","event":"worker_started","dbClient":"sqlite","redisEnabled":false,"queueEnabled":false,"paymentQueueName":"payments","followUpQueueName":"followups","envFile":"backend/.env"}
{"timestamp":"2026-03-29T10:42:33.865Z","level":"info","event":"session_store_selected","store":"memory"}
{"timestamp":"2026-03-29T10:42:33.903Z","level":"warn","event":"redis_disabled","reason":"REDIS_ENABLED or REDIS_URL not configured"}
{"timestamp":"2026-03-29T10:42:33.904Z","level":"info","event":"background_jobs_initialized","mode":"local_timer","intervalMs":60000}
{"timestamp":"2026-03-29T10:42:33.908Z","level":"info","event":"server_started","port":3000,"appUrl":"http://localhost:3000","dbClient":"sqlite","redisEnabled":false,"queueEnabled":false,"storageDriver":"local","secureCookies":false,"envFile":"backend/.env"}
{"timestamp":"2026-03-29T10:42:39.215Z","level":"info","event":"http_request","method":"GET","path":"/health","statusCode":200,"durationMs":16,"ip":"::ffff:127.0.0.1"}
{"timestamp":"2026-03-29T10:46:32.264Z","level":"info","event":"redis_connected","hostConfigured":true}
{"timestamp":"2026-03-29T10:46:32.270Z","level":"info","event":"background_jobs_initialized","mode":"queue_workers_enabled","followUpQueueName":"followups","paymentQueueName":"payments","schedulerEnabled":false}
{"timestamp":"2026-03-29T10:46:32.273Z","level":"info","event":"worker_started","dbClient":"postgres","redisEnabled":true,"queueEnabled":true,"paymentQueueName":"payments","followUpQueueName":"followups","envFile":"backend/.env.scaled.local"}
{"timestamp":"2026-03-29T10:46:33.547Z","level":"info","event":"session_store_selected","store":"redis"}
{"timestamp":"2026-03-29T10:46:33.678Z","level":"info","event":"redis_connected","hostConfigured":true}
{"timestamp":"2026-03-29T10:46:33.680Z","level":"info","event":"background_jobs_initialized","mode":"queue_scheduler_only","followUpQueueName":"followups","paymentQueueName":"payments","schedulerEnabled":true}
{"timestamp":"2026-03-29T10:46:33.685Z","level":"info","event":"server_started","port":3000,"appUrl":"http://localhost:3000","dbClient":"postgres","redisEnabled":true,"queueEnabled":true,"storageDriver":"local","secureCookies":false,"envFile":"backend/.env.scaled.local"}
{"timestamp":"2026-03-29T10:46:39.846Z","level":"info","event":"http_request","method":"GET","path":"/health","statusCode":200,"durationMs":10,"ip":"::ffff:127.0.0.1"}
{"timestamp":"2026-03-29T10:47:10.112Z","level":"info","event":"http_request","method":"GET","path":"/health","statusCode":200,"durationMs":3,"ip":"::ffff:127.0.0.1"}
{"timestamp":"2026-03-29T17:51:49.224Z","level":"info","event":"http_request","method":"GET","path":"/index.html","statusCode":200,"durationMs":16,"ip":"::1"}
{"timestamp":"2026-03-29T17:51:49.361Z","level":"info","event":"http_request","method":"GET","path":"/style.css","statusCode":304,"durationMs":5,"ip":"::1"}
{"timestamp":"2026-03-29T17:51:49.363Z","level":"info","event":"http_request","method":"GET","path":"/script.js","statusCode":304,"durationMs":5,"ip":"::1"}
{"timestamp":"2026-03-29T17:51:49.369Z","level":"info","event":"http_request","method":"GET","path":"/chatbot.js","statusCode":304,"durationMs":10,"ip":"::1"}
{"timestamp":"2026-03-29T17:51:49.784Z","level":"info","event":"http_request","method":"GET","path":"/favicon.svg","statusCode":200,"durationMs":8,"ip":"::1"}
{"timestamp":"2026-03-29T17:51:49.790Z","level":"info","event":"http_request","method":"GET","path":"/site.webmanifest","statusCode":200,"durationMs":10,"ip":"::1"}
{"timestamp":"2026-03-29T17:51:49.831Z","level":"info","event":"http_request","method":"GET","path":"/favicon.svg","statusCode":304,"durationMs":2,"ip":"::1"}
{"timestamp":"2026-03-29T17:52:03.159Z","level":"info","event":"http_request","method":"GET","path":"/services.html","statusCode":200,"durationMs":3,"ip":"::1"}
{"timestamp":"2026-03-29T17:52:03.276Z","level":"info","event":"http_request","method":"GET","path":"/style.css","statusCode":304,"durationMs":5,"ip":"::1"}
{"timestamp":"2026-03-29T17:52:03.282Z","level":"info","event":"http_request","method":"GET","path":"/script.js","statusCode":304,"durationMs":4,"ip":"::1"}
{"timestamp":"2026-03-29T17:52:03.284Z","level":"info","event":"http_request","method":"GET","path":"/chatbot.js","statusCode":304,"durationMs":5,"ip":"::1"}
{"timestamp":"2026-03-29T17:52:12.553Z","level":"info","event":"http_request","method":"GET","path":"/contact.html","statusCode":200,"durationMs":6,"ip":"::1"}
{"timestamp":"2026-03-29T17:52:12.675Z","level":"info","event":"http_request","method":"GET","path":"/style.css","statusCode":304,"durationMs":3,"ip":"::1"}
{"timestamp":"2026-03-29T17:52:12.680Z","level":"info","event":"http_request","method":"GET","path":"/script.js","statusCode":304,"durationMs":7,"ip":"::1"}
{"timestamp":"2026-03-29T17:52:12.688Z","level":"info","event":"http_request","method":"GET","path":"/chatbot.js","statusCode":304,"durationMs":4,"ip":"::1"}
{"timestamp":"2026-03-29T17:52:15.249Z","level":"info","event":"http_request","method":"GET","path":"/admin.html","statusCode":200,"durationMs":3,"ip":"::1"}
{"timestamp":"2026-03-29T17:52:15.369Z","level":"info","event":"http_request","method":"GET","path":"/style.css","statusCode":304,"durationMs":2,"ip":"::1"}
{"timestamp":"2026-03-29T17:52:15.372Z","level":"info","event":"http_request","method":"GET","path":"/admin.js","statusCode":304,"durationMs":4,"ip":"::1"}
{"timestamp":"2026-03-29T17:52:15.448Z","level":"info","event":"http_request","method":"GET","path":"/api/admin/session","statusCode":200,"durationMs":5,"ip":"::1"}
{"timestamp":"2026-03-29T17:52:15.525Z","level":"info","event":"http_request","method":"GET","path":"/favicon.ico","statusCode":404,"durationMs":10,"ip":"::1"}
{"timestamp":"2026-03-29T17:52:21.915Z","level":"info","event":"http_request","method":"GET","path":"/","statusCode":200,"durationMs":5,"ip":"::1"}
{"timestamp":"2026-03-29T17:52:22.577Z","level":"info","event":"http_request","method":"GET","path":"/style.css","statusCode":304,"durationMs":5,"ip":"::1"}
{"timestamp":"2026-03-29T17:52:22.602Z","level":"info","event":"http_request","method":"GET","path":"/script.js","statusCode":304,"durationMs":9,"ip":"::1"}
{"timestamp":"2026-03-29T17:52:22.615Z","level":"info","event":"http_request","method":"GET","path":"/chatbot.js","statusCode":304,"durationMs":5,"ip":"::1"}
{"timestamp":"2026-03-30T09:59:16.005Z","level":"info","event":"session_store_selected","store":"memory"}
{"timestamp":"2026-03-30T09:59:16.048Z","level":"warn","event":"redis_disabled","reason":"REDIS_ENABLED or REDIS_URL not configured"}
{"timestamp":"2026-03-30T09:59:16.050Z","level":"info","event":"background_jobs_initialized","mode":"local_timer","intervalMs":60000}
{"timestamp":"2026-03-30T09:59:16.055Z","level":"info","event":"server_started","port":3000,"appUrl":"http://localhost:3000","siteUrl":"https://legalaxis.in","dbClient":"sqlite","redisEnabled":false,"queueEnabled":false,"storageDriver":"local","secureCookies":false,"forceHttps":false,"envFile":"backend/.env"}
{"timestamp":"2026-03-30T09:59:42.540Z","level":"info","event":"http_request","method":"GET","path":"/","statusCode":200,"durationMs":28,"ip":"::1"}
{"timestamp":"2026-03-30T09:59:42.855Z","level":"info","event":"http_request","method":"GET","path":"/site-config.js","statusCode":200,"durationMs":9,"ip":"::1"}
{"timestamp":"2026-03-30T09:59:42.863Z","level":"info","event":"http_request","method":"GET","path":"/style.css","statusCode":200,"durationMs":21,"ip":"::1"}
{"timestamp":"2026-03-30T09:59:42.867Z","level":"info","event":"http_request","method":"GET","path":"/script.js","statusCode":200,"durationMs":9,"ip":"::1"}
{"timestamp":"2026-03-30T09:59:42.870Z","level":"info","event":"http_request","method":"GET","path":"/chatbot.js","statusCode":200,"durationMs":9,"ip":"::1"}
{"timestamp":"2026-03-30T09:59:43.290Z","level":"info","event":"http_request","method":"GET","path":"/","statusCode":304,"durationMs":2,"ip":"::1"}
{"timestamp":"2026-03-30T09:59:43.922Z","level":"info","event":"http_request","method":"GET","path":"/favicon.svg","statusCode":304,"durationMs":1,"ip":"::1"}
{"timestamp":"2026-03-30T09:59:43.933Z","level":"info","event":"http_request","method":"GET","path":"/site.webmanifest","statusCode":304,"durationMs":1,"ip":"::1"}
{"timestamp":"2026-03-30T09:59:57.071Z","level":"info","event":"http_request","method":"POST","path":"/api/chatbot/message","statusCode":200,"durationMs":34,"ip":"::1"}
{"timestamp":"2026-03-30T10:00:08.989Z","level":"info","event":"http_request","method":"POST","path":"/api/chatbot/message","statusCode":200,"durationMs":2,"ip":"::1"}
{"timestamp":"2026-03-30T10:00:25.340Z","level":"info","event":"http_request","method":"GET","path":"/services","statusCode":200,"durationMs":6,"ip":"::1"}
{"timestamp":"2026-03-30T10:00:43.925Z","level":"info","event":"http_request","method":"POST","path":"/api/create-order","statusCode":400,"durationMs":9,"ip":"::1"}
{"timestamp":"2026-03-30T10:00:46.700Z","level":"info","event":"http_request","method":"POST","path":"/api/create-order","statusCode":400,"durationMs":5,"ip":"::1"}
{"timestamp":"2026-03-30T10:06:24.404Z","level":"warn","event":"server_shutdown_started","signal":"SIGINT"}
{"timestamp":"2026-03-30T10:06:24.407Z","level":"info","event":"server_shutdown_completed","signal":"SIGINT"}
{"timestamp":"2026-03-30T10:06:41.033Z","level":"info","event":"session_store_selected","store":"memory"}
{"timestamp":"2026-03-30T10:06:41.057Z","level":"warn","event":"redis_disabled","reason":"REDIS_ENABLED or REDIS_URL not configured"}
{"timestamp":"2026-03-30T10:06:41.058Z","level":"info","event":"background_jobs_initialized","mode":"local_timer","intervalMs":60000}
{"timestamp":"2026-03-30T10:06:41.062Z","level":"info","event":"server_started","port":3000,"appUrl":"http://localhost:3000","siteUrl":"https://legalaxis.in","dbClient":"sqlite","redisEnabled":false,"queueEnabled":false,"storageDriver":"local","secureCookies":false,"forceHttps":false,"envFile":"backend/.env"}
{"timestamp":"2026-03-30T10:06:52.071Z","level":"info","event":"http_request","method":"GET","path":"/services","statusCode":304,"durationMs":10,"ip":"::1"}
{"timestamp":"2026-03-30T10:06:52.218Z","level":"info","event":"http_request","method":"GET","path":"/site-config.js","statusCode":304,"durationMs":5,"ip":"::1"}
{"timestamp":"2026-03-30T10:07:07.401Z","level":"info","event":"create_order_started","name":"cxdas","phone":"8303340092","service":"GST Registration","amount":199900}
{"timestamp":"2026-03-30T10:07:07.666Z","level":"info","event":"create_order_completed","orderId":"order_SXOkof1ZgBqYnv"}
{"timestamp":"2026-03-30T10:07:07.670Z","level":"info","event":"http_request","method":"POST","path":"/api/create-order","statusCode":201,"durationMs":271,"ip":"::1"}
{"timestamp":"2026-03-30T10:07:40.307Z","level":"info","event":"verify_payment_received","orderId":"order_SXOkof1ZgBqYnv","paymentId":"pay_SXOl7olOcurG4R","hasSignature":true}
{"timestamp":"2026-03-30T10:07:40.311Z","level":"info","event":"verify_payment_signature_checked","orderId":"order_SXOkof1ZgBqYnv","paymentId":"pay_SXOl7olOcurG4R","isSignatureValid":true}
{"timestamp":"2026-03-30T10:07:40.499Z","level":"info","event":"invoice_generated","orderId":"order_SXOkof1ZgBqYnv","invoiceUrl":"http://localhost:3000/invoice-files/INV-1ZGBQYNV.pdf"}
{"timestamp":"2026-03-30T10:07:41.430Z","level":"info","event":"whatsapp_result_recorded","orderId":"order_SXOkof1ZgBqYnv","whatsappStatus":"failed"}
{"timestamp":"2026-03-30T10:07:41.432Z","level":"info","event":"verify_payment_completed","orderId":"order_SXOkof1ZgBqYnv","paymentId":"pay_SXOl7olOcurG4R","clientId":1,"postProcessingMode":"inline","invoiceGenerated":true,"whatsappStatus":"failed"}
{"timestamp":"2026-03-30T10:07:41.435Z","level":"info","event":"http_request","method":"POST","path":"/api/verify-payment","statusCode":200,"durationMs":1129,"ip":"::1"}
{"timestamp":"2026-03-30T10:07:41.493Z","level":"info","event":"http_request","method":"GET","path":"/payment-success.html?order_id=order_SXOkof1ZgBqYnv","statusCode":200,"durationMs":10,"ip":"::1"}
{"timestamp":"2026-03-30T10:07:41.621Z","level":"info","event":"http_request","method":"GET","path":"/payment-success.js","statusCode":200,"durationMs":4,"ip":"::1"}
{"timestamp":"2026-03-30T10:07:41.663Z","level":"info","event":"http_request","method":"GET","path":"/api/payment-details/order_SXOkof1ZgBqYnv","statusCode":200,"durationMs":7,"ip":"::1"}
{"timestamp":"2026-03-30T10:07:41.769Z","level":"info","event":"http_request","method":"GET","path":"/favicon.ico","statusCode":404,"durationMs":41,"ip":"::1"}
{"timestamp":"2026-03-30T10:27:56.140Z","level":"warn","event":"server_shutdown_started","signal":"SIGINT"}
{"timestamp":"2026-03-30T10:27:56.144Z","level":"info","event":"server_shutdown_completed","signal":"SIGINT"}
{"timestamp":"2026-03-30T10:28:17.168Z","level":"info","event":"session_store_selected","store":"memory"}
{"timestamp":"2026-03-30T10:28:17.190Z","level":"warn","event":"redis_disabled","reason":"REDIS_ENABLED or REDIS_URL not configured"}
{"timestamp":"2026-03-30T10:28:17.191Z","level":"info","event":"background_jobs_initialized","mode":"local_timer","intervalMs":60000}
{"timestamp":"2026-03-30T10:28:17.195Z","level":"info","event":"server_started","port":3000,"appUrl":"http://localhost:3000","siteUrl":"https://legalaxis.in","dbClient":"sqlite","redisEnabled":false,"queueEnabled":false,"storageDriver":"local","secureCookies":false,"forceHttps":false,"envFile":"backend/.env"}
{"timestamp":"2026-03-30T10:28:50.048Z","level":"info","event":"http_request","method":"POST","path":"/api/chatbot/message","statusCode":200,"durationMs":66,"ip":"::1"}
{"timestamp":"2026-03-30T10:28:51.308Z","level":"info","event":"http_request","method":"GET","path":"/services.html?service=GST+Registration&amount=1999&currency=INR","statusCode":301,"durationMs":7,"ip":"::1"}
{"timestamp":"2026-03-30T10:28:51.323Z","level":"info","event":"http_request","method":"GET","path":"/services","statusCode":304,"durationMs":7,"ip":"::1"}
{"timestamp":"2026-03-30T10:28:51.691Z","level":"info","event":"http_request","method":"GET","path":"/site-config.js","statusCode":304,"durationMs":2,"ip":"::1"}
{"timestamp":"2026-03-30T10:29:01.138Z","level":"info","event":"create_order_started","name":"asdasdasd","phone":"8303340092","service":"GST Registration","amount":199900}
{"timestamp":"2026-03-30T10:29:01.401Z","level":"info","event":"create_order_completed","orderId":"order_SXP7wb62bjG3Bx"}
{"timestamp":"2026-03-30T10:29:01.405Z","level":"info","event":"http_request","method":"POST","path":"/api/create-order","statusCode":201,"durationMs":270,"ip":"::1"}
{"timestamp":"2026-03-30T10:29:33.513Z","level":"info","event":"verify_payment_received","orderId":"order_SXP7wb62bjG3Bx","paymentId":"pay_SXP8EfciQmQea6","hasSignature":true}
{"timestamp":"2026-03-30T10:29:33.518Z","level":"info","event":"verify_payment_signature_checked","orderId":"order_SXP7wb62bjG3Bx","paymentId":"pay_SXP8EfciQmQea6","isSignatureValid":true}
{"timestamp":"2026-03-30T10:29:33.647Z","level":"info","event":"invoice_generated","orderId":"order_SXP7wb62bjG3Bx","invoiceUrl":"http://localhost:3000/invoice-files/INV-62BJG3BX.pdf"}
{"timestamp":"2026-03-30T10:29:34.766Z","level":"info","event":"whatsapp_result_recorded","orderId":"order_SXP7wb62bjG3Bx","whatsappStatus":"failed"}
{"timestamp":"2026-03-30T10:29:34.768Z","level":"info","event":"verify_payment_completed","orderId":"order_SXP7wb62bjG3Bx","paymentId":"pay_SXP8EfciQmQea6","clientId":1,"postProcessingMode":"inline","invoiceGenerated":true,"whatsappStatus":"failed"}
{"timestamp":"2026-03-30T10:29:34.774Z","level":"info","event":"http_request","method":"POST","path":"/api/verify-payment","statusCode":200,"durationMs":1262,"ip":"::1"}
{"timestamp":"2026-03-30T10:29:34.834Z","level":"info","event":"http_request","method":"GET","path":"/payment-success.html?order_id=order_SXP7wb62bjG3Bx","statusCode":200,"durationMs":11,"ip":"::1"}
{"timestamp":"2026-03-30T10:29:35.040Z","level":"info","event":"http_request","method":"GET","path":"/api/payment-details/order_SXP7wb62bjG3Bx","statusCode":200,"durationMs":6,"ip":"::1"}
{"timestamp":"2026-03-30T10:29:35.153Z","level":"info","event":"http_request","method":"GET","path":"/favicon.ico","statusCode":404,"durationMs":48,"ip":"::1"}
{"timestamp":"2026-03-30T10:54:45.957Z","level":"info","event":"http_request","method":"GET","path":"/","statusCode":304,"durationMs":3,"ip":"::1"}
{"timestamp":"2026-03-30T10:54:46.571Z","level":"info","event":"http_request","method":"GET","path":"/site-config.js","statusCode":304,"durationMs":1,"ip":"::1"}
{"timestamp":"2026-03-30T10:54:49.151Z","level":"info","event":"http_request","method":"GET","path":"/contact","statusCode":200,"durationMs":8,"ip":"::1"}
{"timestamp":"2026-03-30T10:54:52.648Z","level":"info","event":"http_request","method":"GET","path":"/","statusCode":304,"durationMs":5,"ip":"::1"}
{"timestamp":"2026-03-30T10:54:55.176Z","level":"info","event":"http_request","method":"GET","path":"/client-portal","statusCode":200,"durationMs":7,"ip":"::1"}
{"timestamp":"2026-03-30T10:54:55.334Z","level":"info","event":"http_request","method":"GET","path":"/client.js","statusCode":304,"durationMs":11,"ip":"::1"}
{"timestamp":"2026-03-30T10:54:55.473Z","level":"info","event":"http_request","method":"GET","path":"/favicon.ico","statusCode":404,"durationMs":13,"ip":"::1"}
{"timestamp":"2026-03-30T10:54:56.342Z","level":"info","event":"http_request","method":"GET","path":"/contact","statusCode":304,"durationMs":1,"ip":"::1"}
{"timestamp":"2026-03-30T10:54:57.589Z","level":"info","event":"http_request","method":"GET","path":"/services","statusCode":304,"durationMs":6,"ip":"::1"}
{"timestamp":"2026-03-30T10:54:59.120Z","level":"info","event":"http_request","method":"GET","path":"/","statusCode":304,"durationMs":1,"ip":"::1"}
{"timestamp":"2026-03-30T10:55:05.992Z","level":"info","event":"http_request","method":"GET","path":"/services","statusCode":304,"durationMs":2,"ip":"::1"}
{"timestamp":"2026-03-30T10:55:07.453Z","level":"info","event":"http_request","method":"GET","path":"/contact","statusCode":304,"durationMs":2,"ip":"::1"}
{"timestamp":"2026-03-30T10:55:08.844Z","level":"info","event":"http_request","method":"GET","path":"/services","statusCode":304,"durationMs":2,"ip":"::1"}
{"timestamp":"2026-03-30T10:55:09.803Z","level":"info","event":"http_request","method":"GET","path":"/contact","statusCode":304,"durationMs":2,"ip":"::1"}
{"timestamp":"2026-03-30T10:55:13.761Z","level":"info","event":"http_request","method":"GET","path":"/services","statusCode":304,"durationMs":3,"ip":"::1"}
{"timestamp":"2026-03-30T10:55:15.049Z","level":"info","event":"http_request","method":"GET","path":"/","statusCode":304,"durationMs":1,"ip":"::1"}
{"timestamp":"2026-03-30T10:55:18.998Z","level":"info","event":"http_request","method":"GET","path":"/services","statusCode":304,"durationMs":3,"ip":"::1"}
{"timestamp":"2026-03-30T10:55:20.455Z","level":"info","event":"http_request","method":"GET","path":"/","statusCode":304,"durationMs":1,"ip":"::1"}
{"timestamp":"2026-03-30T10:55:24.239Z","level":"info","event":"http_request","method":"GET","path":"/client-portal","statusCode":304,"durationMs":1,"ip":"::1"}
{"timestamp":"2026-03-30T10:55:30.514Z","level":"info","event":"http_request","method":"GET","path":"/","statusCode":304,"durationMs":1,"ip":"::1"}
{"timestamp":"2026-03-30T10:55:34.504Z","level":"info","event":"http_request","method":"GET","path":"/client-portal","statusCode":304,"durationMs":2,"ip":"::1"}
{"timestamp":"2026-03-30T10:55:35.596Z","level":"info","event":"http_request","method":"GET","path":"/services","statusCode":304,"durationMs":2,"ip":"::1"}
{"timestamp":"2026-03-30T10:55:37.049Z","level":"info","event":"http_request","method":"GET","path":"/","statusCode":304,"durationMs":3,"ip":"::1"}
{"timestamp":"2026-03-30T10:55:59.084Z","level":"warn","event":"server_shutdown_started","signal":"SIGINT"}
{"timestamp":"2026-03-30T10:57:00.391Z","level":"info","event":"session_store_selected","store":"memory"}
{"timestamp":"2026-03-30T10:57:00.410Z","level":"warn","event":"redis_disabled","reason":"REDIS_ENABLED or REDIS_URL not configured"}
{"timestamp":"2026-03-30T10:57:00.412Z","level":"info","event":"background_jobs_initialized","mode":"local_timer","intervalMs":60000}
{"timestamp":"2026-03-30T10:57:00.415Z","level":"info","event":"server_started","port":3000,"appUrl":"http://localhost:3000","siteUrl":"https://legalaxis.in","dbClient":"sqlite","redisEnabled":false,"queueEnabled":false,"storageDriver":"local","secureCookies":false,"forceHttps":false,"envFile":"backend/.env"}
{"timestamp":"2026-03-30T10:57:21.995Z","level":"info","event":"http_request","method":"GET","path":"/","statusCode":304,"durationMs":9,"ip":"::1"}
{"timestamp":"2026-03-30T10:57:22.576Z","level":"info","event":"http_request","method":"GET","path":"/","statusCode":304,"durationMs":3,"ip":"::1"}
{"timestamp":"2026-03-30T10:57:26.195Z","level":"info","event":"http_request","method":"GET","path":"/services","statusCode":304,"durationMs":3,"ip":"::1"}
{"timestamp":"2026-03-30T10:57:27.548Z","level":"info","event":"http_request","method":"GET","path":"/contact","statusCode":304,"durationMs":3,"ip":"::1"}
{"timestamp":"2026-03-30T10:57:28.470Z","level":"info","event":"http_request","method":"GET","path":"/services","statusCode":304,"durationMs":4,"ip":"::1"}
{"timestamp":"2026-03-30T10:57:29.777Z","level":"info","event":"http_request","method":"GET","path":"/contact","statusCode":304,"durationMs":1,"ip":"::1"}
{"timestamp":"2026-03-30T10:57:31.149Z","level":"info","event":"http_request","method":"GET","path":"/","statusCode":304,"durationMs":4,"ip":"::1"}
{"timestamp":"2026-03-30T10:57:35.645Z","level":"info","event":"http_request","method":"GET","path":"/contact","statusCode":304,"durationMs":1,"ip":"::1"}
{"timestamp":"2026-03-30T10:57:36.670Z","level":"info","event":"http_request","method":"GET","path":"/services","statusCode":304,"durationMs":4,"ip":"::1"}
{"timestamp":"2026-03-30T10:57:37.905Z","level":"info","event":"http_request","method":"GET","path":"/","statusCode":304,"durationMs":4,"ip":"::1"}
{"timestamp":"2026-03-30T10:57:44.261Z","level":"info","event":"http_request","method":"POST","path":"/api/chatbot/message","statusCode":200,"durationMs":67,"ip":"::1"}
{"timestamp":"2026-03-30T10:57:47.478Z","level":"info","event":"http_request","method":"GET","path":"/contact","statusCode":304,"durationMs":2,"ip":"::1"}
{"timestamp":"2026-03-30T10:57:57.449Z","level":"info","event":"http_request","method":"GET","path":"/","statusCode":304,"durationMs":1,"ip":"::1"}
{"timestamp":"2026-03-30T11:02:02.547Z","level":"info","event":"http_request","method":"GET","path":"/ADMIN","statusCode":404,"durationMs":17,"ip":"::1"}
{"timestamp":"2026-03-30T11:03:20.744Z","level":"info","event":"http_request","method":"GET","path":"/services","statusCode":304,"durationMs":1,"ip":"::1"}
{"timestamp":"2026-03-30T11:03:20.960Z","level":"info","event":"http_request","method":"GET","path":"/site-config.js","statusCode":304,"durationMs":2,"ip":"::1"}
{"timestamp":"2026-03-30T11:03:23.542Z","level":"info","event":"http_request","method":"GET","path":"/contact","statusCode":304,"durationMs":1,"ip":"::1"}
{"timestamp":"2026-03-30T11:03:28.700Z","level":"info","event":"http_request","method":"GET","path":"/admin","statusCode":200,"durationMs":3,"ip":"::1"}
{"timestamp":"2026-03-30T11:03:28.847Z","level":"info","event":"http_request","method":"GET","path":"/admin.html","statusCode":301,"durationMs":3,"ip":"::1"}
{"timestamp":"2026-03-30T11:03:28.851Z","level":"info","event":"http_request","method":"GET","path":"/admin","statusCode":200,"durationMs":3,"ip":"::1"}
{"timestamp":"2026-03-30T11:03:28.936Z","level":"info","event":"http_request","method":"GET","path":"/admin/","statusCode":404,"durationMs":7,"ip":"::1"}
{"timestamp":"2026-03-30T11:03:44.971Z","level":"info","event":"http_request","method":"POST","path":"/api/admin/login","statusCode":200,"durationMs":5,"ip":"::1"}
{"timestamp":"2026-03-30T11:03:45.115Z","level":"info","event":"http_request","method":"GET","path":"/api/admin/session","statusCode":200,"durationMs":3,"ip":"::1"}
{"timestamp":"2026-03-30T11:04:15.942Z","level":"info","event":"http_request","method":"GET","path":"/admin","statusCode":200,"durationMs":8,"ip":"::1"}
{"timestamp":"2026-03-30T11:04:16.049Z","level":"info","event":"http_request","method":"GET","path":"/admin.js","statusCode":304,"durationMs":4,"ip":"::1"}
{"timestamp":"2026-03-30T11:04:16.080Z","level":"info","event":"http_request","method":"GET","path":"/api/admin/session","statusCode":304,"durationMs":4,"ip":"::1"}
{"timestamp":"2026-03-30T11:04:18.723Z","level":"info","event":"http_request","method":"GET","path":"/","statusCode":304,"durationMs":1,"ip":"::1"}
{"timestamp":"2026-03-30T11:04:26.317Z","level":"info","event":"http_request","method":"GET","path":"/admin","statusCode":304,"durationMs":4,"ip":"::1"}
{"timestamp":"2026-03-30T11:04:26.451Z","level":"info","event":"http_request","method":"GET","path":"/api/admin/session","statusCode":304,"durationMs":1,"ip":"::1"}
{"timestamp":"2026-03-30T11:04:40.074Z","level":"info","event":"http_request","method":"POST","path":"/api/admin/login","statusCode":401,"durationMs":19,"ip":"::1"}
{"timestamp":"2026-03-30T11:04:52.071Z","level":"info","event":"http_request","method":"POST","path":"/api/admin/login","statusCode":200,"durationMs":2,"ip":"::1"}
{"timestamp":"2026-03-30T11:04:52.089Z","level":"info","event":"http_request","method":"GET","path":"/api/admin/leads?search=&service=&date=","statusCode":304,"durationMs":4,"ip":"::1"}
{"timestamp":"2026-03-30T11:04:57.389Z","level":"info","event":"http_request","method":"GET","path":"/","statusCode":304,"durationMs":1,"ip":"::1"}
{"timestamp":"2026-03-30T11:05:00.072Z","level":"info","event":"http_request","method":"GET","path":"/contact","statusCode":304,"durationMs":3,"ip":"::1"}
{"timestamp":"2026-03-30T11:05:01.365Z","level":"info","event":"http_request","method":"GET","path":"/","statusCode":304,"durationMs":2,"ip":"::1"}
{"timestamp":"2026-03-30T11:05:02.868Z","level":"info","event":"http_request","method":"GET","path":"/","statusCode":304,"durationMs":1,"ip":"::1"}
{"timestamp":"2026-03-30T11:05:06.410Z","level":"info","event":"http_request","method":"GET","path":"/admin","statusCode":304,"durationMs":3,"ip":"::1"}
{"timestamp":"2026-03-30T11:05:06.557Z","level":"info","event":"http_request","method":"GET","path":"/api/admin/session","statusCode":200,"durationMs":4,"ip":"::1"}
{"timestamp":"2026-03-30T11:05:06.607Z","level":"info","event":"http_request","method":"GET","path":"/api/admin/leads?search=&service=&date=","statusCode":304,"durationMs":10,"ip":"::1"}
{"timestamp":"2026-03-30T11:05:12.011Z","level":"info","event":"http_request","method":"POST","path":"/api/admin/logout","statusCode":200,"durationMs":1,"ip":"::1"}
{"timestamp":"2026-03-30T11:05:14.223Z","level":"info","event":"http_request","method":"GET","path":"/","statusCode":304,"durationMs":1,"ip":"::1"}
{"timestamp":"2026-03-30T11:09:09.369Z","level":"info","event":"http_request","method":"GET","path":"/contact","statusCode":304,"durationMs":8,"ip":"::1"}
{"timestamp":"2026-03-30T11:09:09.699Z","level":"info","event":"http_request","method":"GET","path":"/site-config.js","statusCode":304,"durationMs":1,"ip":"::1"}
{"timestamp":"2026-03-30T11:09:21.286Z","level":"info","event":"http_request","method":"GET","path":"/","statusCode":200,"durationMs":3,"ip":"::1"}
{"timestamp":"2026-03-30T11:09:21.443Z","level":"info","event":"http_request","method":"GET","path":"/admin","statusCode":200,"durationMs":2,"ip":"::1"}
{"timestamp":"2026-03-30T11:09:21.498Z","level":"info","event":"http_request","method":"GET","path":"/services.html","statusCode":301,"durationMs":0,"ip":"::1"}
{"timestamp":"2026-03-30T11:09:21.502Z","level":"info","event":"http_request","method":"GET","path":"/services","statusCode":200,"durationMs":2,"ip":"::1"}
{"timestamp":"2026-03-30T11:09:21.595Z","level":"info","event":"http_request","method":"GET","path":"/client.html","statusCode":301,"durationMs":1,"ip":"::1"}
{"timestamp":"2026-03-30T11:09:21.607Z","level":"info","event":"http_request","method":"GET","path":"/client-portal","statusCode":200,"durationMs":4,"ip":"::1"}
{"timestamp":"2026-03-30T20:05:53.780Z","level":"info","event":"redis_connected","hostConfigured":true}
{"timestamp":"2026-03-30T20:10:18.167Z","level":"info","event":"session_store_selected","store":"redis"}
{"timestamp":"2026-03-30T20:10:18.263Z","level":"info","event":"redis_connected","hostConfigured":true}
{"timestamp":"2026-03-30T20:10:18.264Z","level":"info","event":"background_jobs_initialized","mode":"queue_scheduler_only","followUpQueueName":"followups","paymentQueueName":"payments","schedulerEnabled":true}
{"timestamp":"2026-03-30T20:10:18.267Z","level":"info","event":"server_started","port":3000,"appUrl":"http://localhost:3000","siteUrl":"https://legalaxis.in","dbClient":"postgres","redisEnabled":true,"queueEnabled":true,"storageDriver":"local","secureCookies":false,"forceHttps":false,"envFile":"backend/.env.scaled.local"}
{"timestamp":"2026-03-30T20:10:41.378Z","level":"info","event":"http_request","method":"GET","path":"/","statusCode":304,"durationMs":13,"ip":"::1"}
{"timestamp":"2026-03-30T20:10:41.635Z","level":"info","event":"http_request","method":"GET","path":"/site-config.js","statusCode":304,"durationMs":4,"ip":"::1"}
{"timestamp":"2026-03-30T20:10:54.133Z","level":"info","event":"http_request","method":"GET","path":"/services","statusCode":304,"durationMs":4,"ip":"::1"}
{"timestamp":"2026-03-30T20:10:59.552Z","level":"info","event":"http_request","method":"GET","path":"/contact","statusCode":304,"durationMs":2,"ip":"::1"}
{"timestamp":"2026-03-30T20:11:04.897Z","level":"info","event":"http_request","method":"GET","path":"/","statusCode":304,"durationMs":1,"ip":"::1"}
{"timestamp":"2026-03-30T20:11:06.913Z","level":"info","event":"http_request","method":"GET","path":"/client-portal","statusCode":304,"durationMs":2,"ip":"::1"}
{"timestamp":"2026-03-30T20:11:07.111Z","level":"info","event":"http_request","method":"GET","path":"/favicon.ico","statusCode":404,"durationMs":27,"ip":"::1"}
{"timestamp":"2026-03-30T20:11:09.319Z","level":"info","event":"http_request","method":"GET","path":"/","statusCode":304,"durationMs":1,"ip":"::1"}
{"timestamp":"2026-03-30T20:11:12.623Z","level":"info","event":"http_request","method":"GET","path":"/contact","statusCode":304,"durationMs":3,"ip":"::1"}
{"timestamp":"2026-03-30T20:11:19.497Z","level":"info","event":"http_request","method":"POST","path":"/api/chatbot/message","statusCode":200,"durationMs":34,"ip":"::1"}
{"timestamp":"2026-03-30T20:11:31.659Z","level":"info","event":"http_request","method":"GET","path":"/locations/kanpur/ca-services","statusCode":200,"durationMs":11,"ip":"::1"}
{"timestamp":"2026-03-30T20:11:46.810Z","level":"info","event":"http_request","method":"GET","path":"/locations/kanpur/ca-services","statusCode":304,"durationMs":2,"ip":"::1"}
{"timestamp":"2026-03-30T20:11:50.082Z","level":"info","event":"http_request","method":"GET","path":"/contact","statusCode":304,"durationMs":1,"ip":"::1"}
{"timestamp":"2026-03-30T20:11:58.497Z","level":"info","event":"http_request","method":"GET","path":"/locations/kanpur/ca-services","statusCode":304,"durationMs":1,"ip":"::1"}
{"timestamp":"2026-03-30T20:12:56.661Z","level":"info","event":"http_request","method":"GET","path":"/health","statusCode":200,"durationMs":1,"ip":"::1"}
{"timestamp":"2026-03-30T20:12:58.174Z","level":"info","event":"http_request","method":"POST","path":"/api/admin/login","statusCode":200,"durationMs":6,"ip":"::1"}
{"timestamp":"2026-03-30T20:12:58.344Z","level":"info","event":"http_request","method":"GET","path":"/api/admin/session","statusCode":200,"durationMs":4,"ip":"::1"}
{"timestamp":"2026-03-30T20:20:13.803Z","level":"info","event":"http_request","method":"GET","path":"/health","statusCode":200,"durationMs":2,"ip":"::1"}
{"timestamp":"2026-03-30T20:20:16.316Z","level":"info","event":"http_request","method":"GET","path":"/admin","statusCode":200,"durationMs":2,"ip":"::1"}
{"timestamp":"2026-03-30T20:20:18.919Z","level":"info","event":"http_request","method":"GET","path":"/style.css","statusCode":200,"durationMs":4,"ip":"::1"}
{"timestamp":"2026-03-30T20:20:19.878Z","level":"info","event":"http_request","method":"GET","path":"/health","statusCode":200,"durationMs":0,"ip":"::1"}
{"timestamp":"2026-03-30T20:20:19.962Z","level":"info","event":"http_request","method":"GET","path":"/admin","statusCode":200,"durationMs":3,"ip":"::1"}
{"timestamp":"2026-03-30T20:20:36.407Z","level":"info","event":"http_request","method":"GET","path":"/health","statusCode":200,"durationMs":1,"ip":"::1"}
{"timestamp":"2026-03-30T22:03:56.275Z","level":"info","event":"session_store_selected","store":"memory"}
{"timestamp":"2026-03-30T22:03:56.333Z","level":"warn","event":"redis_disabled","reason":"REDIS_ENABLED or REDIS_URL not configured"}
{"timestamp":"2026-03-30T22:03:56.333Z","level":"info","event":"background_jobs_initialized","mode":"local_timer","intervalMs":60000}
{"timestamp":"2026-03-30T22:03:56.336Z","level":"info","event":"server_started","port":3000,"appUrl":"http://localhost:3000","siteUrl":"https://legalaxis.in","dbClient":"sqlite","redisEnabled":false,"queueEnabled":false,"storageDriver":"local","secureCookies":false,"forceHttps":false,"envFile":"backend/.env"}
{"timestamp":"2026-03-30T22:04:30.619Z","level":"info","event":"http_request","method":"GET","path":"/api/payment-details/order_SXP7wb62bjG3Bx","statusCode":200,"durationMs":91,"ip":"::1"}
{"timestamp":"2026-03-30T22:04:35.594Z","level":"info","event":"http_request","method":"GET","path":"/","statusCode":200,"durationMs":15,"ip":"::1"}
{"timestamp":"2026-03-30T22:04:35.779Z","level":"info","event":"http_request","method":"GET","path":"/site-config.js","statusCode":304,"durationMs":2,"ip":"::1"}
{"timestamp":"2026-03-30T22:04:40.437Z","level":"info","event":"http_request","method":"GET","path":"/consultation.html","statusCode":301,"durationMs":8,"ip":"::1"}
{"timestamp":"2026-03-30T22:04:40.447Z","level":"info","event":"http_request","method":"GET","path":"/consultation","statusCode":200,"durationMs":6,"ip":"::1"}
{"timestamp":"2026-03-30T22:04:40.529Z","level":"info","event":"http_request","method":"GET","path":"/consultation.js","statusCode":200,"durationMs":7,"ip":"::1"}
{"timestamp":"2026-03-30T22:04:40.711Z","level":"info","event":"http_request","method":"GET","path":"/api/consultations/slots?consultationType=CA&service=GST+Registration&mode=call&date=2026-03-31","statusCode":200,"durationMs":4,"ip":"::1"}
{"timestamp":"2026-03-30T22:05:01.068Z","level":"info","event":"http_request","method":"GET","path":"/services","statusCode":200,"durationMs":7,"ip":"::1"}
{"timestamp":"2026-03-30T22:05:08.811Z","level":"info","event":"http_request","method":"GET","path":"/","statusCode":304,"durationMs":1,"ip":"::1"}
{"timestamp":"2026-03-30T22:05:15.256Z","level":"info","event":"http_request","method":"GET","path":"/consultation","statusCode":304,"durationMs":1,"ip":"::1"}
{"timestamp":"2026-03-30T22:05:15.411Z","level":"info","event":"http_request","method":"GET","path":"/api/consultations/slots?consultationType=CA&service=GST+Registration&mode=call&date=2026-03-31","statusCode":304,"durationMs":5,"ip":"::1"}
{"timestamp":"2026-03-30T22:05:17.048Z","level":"info","event":"http_request","method":"GET","path":"/services","statusCode":304,"durationMs":3,"ip":"::1"}
{"timestamp":"2026-03-30T22:05:22.988Z","level":"info","event":"http_request","method":"GET","path":"/","statusCode":304,"durationMs":1,"ip":"::1"}
{"timestamp":"2026-03-30T22:05:24.250Z","level":"info","event":"http_request","method":"GET","path":"/consultation","statusCode":304,"durationMs":1,"ip":"::1"}
{"timestamp":"2026-03-30T22:05:24.360Z","level":"info","event":"http_request","method":"GET","path":"/api/consultations/slots?consultationType=CA&service=GST+Registration&mode=call&date=2026-03-31","statusCode":304,"durationMs":5,"ip":"::1"}
{"timestamp":"2026-03-30T22:05:28.928Z","level":"info","event":"http_request","method":"GET","path":"/api/consultations/slots?consultationType=CA&service=GST+Registration&mode=call&date=2026-03-31","statusCode":304,"durationMs":1,"ip":"::1"}
{"timestamp":"2026-03-30T22:05:31.095Z","level":"info","event":"http_request","method":"GET","path":"/api/consultations/slots?consultationType=CA&service=GST+Registration&mode=call&date=2026-03-31","statusCode":304,"durationMs":1,"ip":"::1"}
{"timestamp":"2026-03-30T22:05:33.951Z","level":"info","event":"http_request","method":"GET","path":"/api/consultations/slots?consultationType=Compliance+Review&service=Company+Registration&mode=call&date=2026-03-31","statusCode":200,"durationMs":2,"ip":"::1"}
{"timestamp":"2026-03-30T22:06:24.470Z","level":"info","event":"http_request","method":"POST","path":"/api/consultations","statusCode":400,"durationMs":7,"ip":"::1"}
{"timestamp":"2026-03-30T22:06:43.614Z","level":"info","event":"http_request","method":"GET","path":"/","statusCode":304,"durationMs":4,"ip":"::1"}
{"timestamp":"2026-03-30T22:06:45.971Z","level":"info","event":"http_request","method":"GET","path":"/admin","statusCode":200,"durationMs":5,"ip":"::1"}
{"timestamp":"2026-03-30T22:06:46.129Z","level":"info","event":"http_request","method":"GET","path":"/api/admin/session","statusCode":200,"durationMs":3,"ip":"::1"}
{"timestamp":"2026-03-30T22:06:46.163Z","level":"info","event":"http_request","method":"GET","path":"/favicon.ico","statusCode":404,"durationMs":5,"ip":"::1"}
{"timestamp":"2026-03-30T22:07:02.784Z","level":"info","event":"http_request","method":"POST","path":"/api/admin/login","statusCode":200,"durationMs":4,"ip":"::1"}
{"timestamp":"2026-03-30T22:07:02.800Z","level":"info","event":"http_request","method":"GET","path":"/api/admin/leads?search=&service=&date=","statusCode":304,"durationMs":5,"ip":"::1"}
{"timestamp":"2026-03-30T22:08:21.301Z","level":"info","event":"http_request","method":"POST","path":"/api/admin/logout","statusCode":200,"durationMs":1,"ip":"::1"}
{"timestamp":"2026-03-30T22:08:24.094Z","level":"info","event":"http_request","method":"GET","path":"/","statusCode":304,"durationMs":2,"ip":"::1"}
{"timestamp":"2026-03-30T22:08:26.857Z","level":"info","event":"http_request","method":"GET","path":"/consultation","statusCode":304,"durationMs":1,"ip":"::1"}
{"timestamp":"2026-03-30T22:08:26.975Z","level":"info","event":"http_request","method":"GET","path":"/api/consultations/slots?consultationType=CA&service=GST+Registration&mode=call&date=2026-03-31","statusCode":304,"durationMs":2,"ip":"::1"}
{"timestamp":"2026-03-30T22:08:30.534Z","level":"info","event":"http_request","method":"GET","path":"/api/consultations/slots?consultationType=Compliance+Review&service=Company+Registration&mode=call&date=2026-03-31","statusCode":304,"durationMs":2,"ip":"::1"}
{"timestamp":"2026-03-30T22:08:32.734Z","level":"info","event":"http_request","method":"GET","path":"/api/consultations/slots?consultationType=Compliance+Review&service=Company+Registration&mode=call&date=2026-03-31","statusCode":304,"durationMs":1,"ip":"::1"}
{"timestamp":"2026-03-30T22:09:02.779Z","level":"info","event":"http_request","method":"POST","path":"/api/consultations","statusCode":400,"durationMs":2,"ip":"::1"}
{"timestamp":"2026-03-30T22:09:17.651Z","level":"info","event":"http_request","method":"GET","path":"/services","statusCode":304,"durationMs":1,"ip":"::1"}
{"timestamp":"2026-03-30T22:37:57.514Z","level":"warn","event":"server_shutdown_started","signal":"SIGINT"}
{"timestamp":"2026-03-30T22:37:57.519Z","level":"info","event":"server_shutdown_completed","signal":"SIGINT"}
{"timestamp":"2026-03-30T22:38:12.427Z","level":"info","event":"session_store_selected","store":"memory"}
{"timestamp":"2026-03-30T22:38:12.468Z","level":"warn","event":"redis_disabled","reason":"REDIS_ENABLED or REDIS_URL not configured"}
{"timestamp":"2026-03-30T22:38:12.470Z","level":"info","event":"background_jobs_initialized","mode":"local_timer","intervalMs":60000}
{"timestamp":"2026-03-30T22:38:12.474Z","level":"info","event":"server_started","port":3000,"appUrl":"http://localhost:3000","siteUrl":"https://legalaxis.in","dbClient":"sqlite","redisEnabled":false,"queueEnabled":false,"storageDriver":"local","secureCookies":false,"forceHttps":false,"envFile":"backend/.env"}
{"timestamp":"2026-03-30T22:38:16.992Z","level":"info","event":"http_request","method":"GET","path":"/","statusCode":304,"durationMs":9,"ip":"::1"}
{"timestamp":"2026-03-30T22:38:17.184Z","level":"info","event":"http_request","method":"GET","path":"/site-config.js","statusCode":304,"durationMs":3,"ip":"::1"}
{"timestamp":"2026-03-30T22:38:19.753Z","level":"info","event":"http_request","method":"GET","path":"/client-portal","statusCode":200,"durationMs":11,"ip":"::1"}
{"timestamp":"2026-03-30T22:38:26.063Z","level":"info","event":"otp_sent","phone":"8303340092","otp":"418917","expiresAt":"2026-03-30T22:43:26.050Z","provider":"mock"}
{"timestamp":"2026-03-30T22:38:26.066Z","level":"info","event":"http_request","method":"POST","path":"/api/otp/send-otp","statusCode":200,"durationMs":17,"ip":"::1"}
{"timestamp":"2026-03-30T22:38:37.773Z","level":"info","event":"otp_verified","phone":"8303340092","clientId":1}
{"timestamp":"2026-03-30T22:38:37.775Z","level":"info","event":"http_request","method":"POST","path":"/api/otp/verify-otp","statusCode":200,"durationMs":17,"ip":"::1"}
{"timestamp":"2026-03-30T22:38:37.806Z","level":"info","event":"http_request","method":"GET","path":"/client/dashboard","statusCode":200,"durationMs":23,"ip":"::1"}
{"timestamp":"2026-03-30T22:38:37.809Z","level":"info","event":"http_request","method":"GET","path":"/client/services","statusCode":200,"durationMs":14,"ip":"::1"}
{"timestamp":"2026-03-30T22:38:37.812Z","level":"info","event":"http_request","method":"GET","path":"/client/documents","statusCode":304,"durationMs":16,"ip":"::1"}
{"timestamp":"2026-03-30T22:38:37.818Z","level":"info","event":"http_request","method":"GET","path":"/client/payments","statusCode":200,"durationMs":22,"ip":"::1"}
{"timestamp":"2026-03-30T22:39:09.840Z","level":"info","event":"http_request","method":"GET","path":"/client-portal?","statusCode":200,"durationMs":11,"ip":"::1"}
{"timestamp":"2026-03-30T22:39:09.936Z","level":"info","event":"http_request","method":"GET","path":"/client/dashboard","statusCode":304,"durationMs":7,"ip":"::1"}
{"timestamp":"2026-03-30T22:39:09.959Z","level":"info","event":"http_request","method":"GET","path":"/client/payments","statusCode":304,"durationMs":11,"ip":"::1"}
{"timestamp":"2026-03-30T22:39:09.964Z","level":"info","event":"http_request","method":"GET","path":"/client/services","statusCode":304,"durationMs":15,"ip":"::1"}
{"timestamp":"2026-03-30T22:39:09.967Z","level":"info","event":"http_request","method":"GET","path":"/client/documents","statusCode":304,"durationMs":18,"ip":"::1"}
{"timestamp":"2026-03-30T22:39:40.740Z","level":"info","event":"http_request","method":"GET","path":"/client-portal?","statusCode":304,"durationMs":1,"ip":"::1"}
{"timestamp":"2026-03-30T22:39:40.931Z","level":"info","event":"http_request","method":"GET","path":"/client/dashboard","statusCode":304,"durationMs":16,"ip":"::1"}
{"timestamp":"2026-03-30T22:39:40.944Z","level":"info","event":"http_request","method":"GET","path":"/client/payments","statusCode":304,"durationMs":15,"ip":"::1"}
{"timestamp":"2026-03-30T22:39:40.948Z","level":"info","event":"http_request","method":"GET","path":"/client/documents","statusCode":304,"durationMs":13,"ip":"::1"}
{"timestamp":"2026-03-30T22:39:40.952Z","level":"info","event":"http_request","method":"GET","path":"/client/services","statusCode":304,"durationMs":16,"ip":"::1"}
{"timestamp":"2026-03-30T22:40:11.972Z","level":"info","event":"http_request","method":"POST","path":"/client/documents/upload","statusCode":500,"durationMs":34,"ip":"::1"}
{"timestamp":"2026-03-30T22:40:46.031Z","level":"info","event":"http_request","method":"GET","path":"/","statusCode":304,"durationMs":2,"ip":"::1"}
{"timestamp":"2026-03-30T22:40:58.786Z","level":"info","event":"http_request","method":"GET","path":"/admin","statusCode":200,"durationMs":8,"ip":"::1"}
{"timestamp":"2026-03-30T22:40:58.906Z","level":"info","event":"http_request","method":"GET","path":"/api/admin/session","statusCode":304,"durationMs":1,"ip":"::1"}
{"timestamp":"2026-03-30T22:41:10.158Z","level":"info","event":"http_request","method":"POST","path":"/api/admin/login","statusCode":200,"durationMs":4,"ip":"::1"}
{"timestamp":"2026-03-30T22:41:10.175Z","level":"info","event":"http_request","method":"GET","path":"/api/admin/leads?search=&service=&date=","statusCode":304,"durationMs":4,"ip":"::1"}
{"timestamp":"2026-03-30T22:41:50.621Z","level":"info","event":"http_request","method":"POST","path":"/api/admin/logout","statusCode":200,"durationMs":1,"ip":"::1"}
{"timestamp":"2026-03-30T22:41:53.971Z","level":"info","event":"http_request","method":"GET","path":"/","statusCode":304,"durationMs":2,"ip":"::1"}
{"timestamp":"2026-03-30T22:41:55.446Z","level":"info","event":"http_request","method":"GET","path":"/consultation","statusCode":304,"durationMs":1,"ip":"::1"}
{"timestamp":"2026-03-30T22:41:55.604Z","level":"info","event":"http_request","method":"GET","path":"/api/consultations/slots?consultationType=CA&service=GST+Registration&mode=call&date=2026-03-31","statusCode":304,"durationMs":6,"ip":"::1"}
{"timestamp":"2026-03-30T22:41:58.726Z","level":"info","event":"http_request","method":"GET","path":"/api/consultations/slots?consultationType=CA&service=GST+Registration&mode=call&date=2026-03-31","statusCode":304,"durationMs":1,"ip":"::1"}
{"timestamp":"2026-03-30T22:42:19.613Z","level":"info","event":"http_request","method":"GET","path":"/api/consultations/slots?consultationType=CA&service=Income+Tax+Return&mode=call&date=2026-03-31","statusCode":200,"durationMs":2,"ip":"::1"}
{"timestamp":"2026-03-30T22:42:26.446Z","level":"info","event":"http_request","method":"GET","path":"/api/consultations/slots?consultationType=CA&service=Income+Tax+Return&mode=call&date=2026-04-01","statusCode":200,"durationMs":2,"ip":"::1"}
{"timestamp":"2026-03-30T22:42:43.886Z","level":"info","event":"http_request","method":"GET","path":"/api/consultations/slots?consultationType=CA&service=Income+Tax+Return&mode=call&date=2026-03-31","statusCode":304,"durationMs":1,"ip":"::1"}
{"timestamp":"2026-03-30T22:42:52.047Z","level":"info","event":"http_request","method":"POST","path":"/api/consultations","statusCode":400,"durationMs":6,"ip":"::1"}
{"timestamp":"2026-03-30T22:46:56.279Z","level":"info","event":"http_request","method":"GET","path":"/","statusCode":304,"durationMs":1,"ip":"::1"}
{"timestamp":"2026-03-30T22:46:56.410Z","level":"info","event":"http_request","method":"GET","path":"/site-config.js","statusCode":304,"durationMs":0,"ip":"::1"}
{"timestamp":"2026-03-30T22:47:05.293Z","level":"info","event":"http_request","method":"POST","path":"/api/chatbot/message","statusCode":200,"durationMs":3,"ip":"::1"}
{"timestamp":"2026-03-30T22:47:09.546Z","level":"info","event":"http_request","method":"POST","path":"/api/chatbot/message","statusCode":200,"durationMs":33,"ip":"::1"}
{"timestamp":"2026-03-30T22:47:34.667Z","level":"info","event":"http_request","method":"GET","path":"/contact","statusCode":200,"durationMs":3,"ip":"::1"}
{"timestamp":"2026-03-30T22:47:43.770Z","level":"info","event":"http_request","method":"GET","path":"/consultation","statusCode":304,"durationMs":3,"ip":"::1"}
{"timestamp":"2026-03-30T22:47:43.893Z","level":"info","event":"http_request","method":"GET","path":"/api/consultations/slots?consultationType=CA&service=GST+Registration&mode=call&date=2026-03-31","statusCode":304,"durationMs":3,"ip":"::1"}
{"timestamp":"2026-03-30T22:56:54.547Z","level":"warn","event":"server_shutdown_started","signal":"SIGINT"}
{"timestamp":"2026-03-30T22:56:54.550Z","level":"info","event":"server_shutdown_completed","signal":"SIGINT"}
{"timestamp":"2026-03-30T22:57:08.633Z","level":"info","event":"session_store_selected","store":"memory"}
{"timestamp":"2026-03-30T22:57:08.659Z","level":"warn","event":"redis_disabled","reason":"REDIS_ENABLED or REDIS_URL not configured"}
{"timestamp":"2026-03-30T22:57:08.660Z","level":"info","event":"background_jobs_initialized","mode":"local_timer","intervalMs":60000}
{"timestamp":"2026-03-30T22:57:08.664Z","level":"info","event":"server_started","port":3000,"appUrl":"http://localhost:3000","siteUrl":"https://legalaxis.in","dbClient":"sqlite","redisEnabled":false,"queueEnabled":false,"storageDriver":"local","secureCookies":false,"forceHttps":false,"envFile":"backend/.env"}
{"timestamp":"2026-03-30T22:57:10.391Z","level":"info","event":"http_request","method":"GET","path":"/","statusCode":200,"durationMs":15,"ip":"::1"}
{"timestamp":"2026-03-30T22:57:10.794Z","level":"info","event":"http_request","method":"GET","path":"/site-config.js","statusCode":304,"durationMs":4,"ip":"::1"}
{"timestamp":"2026-03-30T22:57:13.480Z","level":"info","event":"http_request","method":"GET","path":"/services","statusCode":200,"durationMs":6,"ip":"::1"}
{"timestamp":"2026-03-30T22:57:32.148Z","level":"info","event":"http_request","method":"GET","path":"/services/llp-registration","statusCode":200,"durationMs":7,"ip":"::1"}
{"timestamp":"2026-03-30T22:57:48.963Z","level":"info","event":"http_request","method":"GET","path":"/services","statusCode":304,"durationMs":2,"ip":"::1"}
{"timestamp":"2026-03-30T22:57:57.773Z","level":"info","event":"http_request","method":"GET","path":"/services/copyright-registration","statusCode":200,"durationMs":3,"ip":"::1"}
{"timestamp":"2026-03-30T22:58:00.562Z","level":"info","event":"http_request","method":"GET","path":"/services","statusCode":304,"durationMs":1,"ip":"::1"}
{"timestamp":"2026-03-30T22:58:10.901Z","level":"info","event":"http_request","method":"GET","path":"/services/annual-compliance-filing","statusCode":200,"durationMs":7,"ip":"::1"}
{"timestamp":"2026-03-30T22:58:28.255Z","level":"info","event":"http_request","method":"GET","path":"/services","statusCode":304,"durationMs":1,"ip":"::1"}
{"timestamp":"2026-03-30T22:58:32.216Z","level":"info","event":"http_request","method":"GET","path":"/services/sole-proprietorship-registration","statusCode":200,"durationMs":5,"ip":"::1"}
{"timestamp":"2026-03-31T16:46:56.639Z","level":"info","event":"session_store_selected","store":"memory"}
{"timestamp":"2026-03-31T16:46:56.668Z","level":"warn","event":"redis_disabled","reason":"REDIS_ENABLED or REDIS_URL not configured"}
{"timestamp":"2026-03-31T16:46:56.669Z","level":"info","event":"background_jobs_initialized","mode":"local_timer","intervalMs":60000}
{"timestamp":"2026-03-31T16:46:56.672Z","level":"info","event":"server_started","port":3000,"appUrl":"http://localhost:3000","siteUrl":"https://legalaxis.in","dbClient":"sqlite","redisEnabled":false,"queueEnabled":false,"storageDriver":"local","secureCookies":false,"forceHttps":false,"envFile":"backend/.env"}
{"timestamp":"2026-03-31T16:47:07.705Z","level":"info","event":"http_request","method":"GET","path":"/","statusCode":304,"durationMs":13,"ip":"::1"}
{"timestamp":"2026-03-31T16:47:08.015Z","level":"info","event":"http_request","method":"GET","path":"/site-config.js","statusCode":304,"durationMs":4,"ip":"::1"}
{"timestamp":"2026-03-31T16:47:08.842Z","level":"info","event":"http_request","method":"GET","path":"/","statusCode":304,"durationMs":3,"ip":"::1"}
{"timestamp":"2026-03-31T16:49:16.639Z","level":"info","event":"http_request","method":"GET","path":"/services/llp-registration","statusCode":200,"durationMs":14,"ip":"::1"}
{"timestamp":"2026-03-31T16:49:25.111Z","level":"info","event":"http_request","method":"GET","path":"/consultation","statusCode":304,"durationMs":2,"ip":"::1"}
{"timestamp":"2026-03-31T16:49:25.252Z","level":"info","event":"http_request","method":"GET","path":"/api/consultations/slots?consultationType=CA&service=GST+Registration&mode=call&date=2026-04-01","statusCode":200,"durationMs":6,"ip":"::1"}
{"timestamp":"2026-03-31T16:49:38.216Z","level":"info","event":"http_request","method":"GET","path":"/","statusCode":304,"durationMs":1,"ip":"::1"}
{"timestamp":"2026-03-31T16:49:39.802Z","level":"info","event":"http_request","method":"GET","path":"/client-portal","statusCode":404,"durationMs":8,"ip":"::1"}
{"timestamp":"2026-03-31T16:49:39.943Z","level":"info","event":"http_request","method":"GET","path":"/favicon.ico","statusCode":404,"durationMs":7,"ip":"::1"}
{"timestamp":"2026-03-31T16:49:44.019Z","level":"info","event":"http_request","method":"GET","path":"/client-portal","statusCode":404,"durationMs":5,"ip":"::1"}
{"timestamp":"2026-03-31T16:49:50.017Z","level":"info","event":"http_request","method":"GET","path":"/services","statusCode":304,"durationMs":2,"ip":"::1"}
{"timestamp":"2026-03-31T16:49:51.579Z","level":"info","event":"http_request","method":"GET","path":"/","statusCode":304,"durationMs":3,"ip":"::1"}
{"timestamp":"2026-03-31T16:49:53.978Z","level":"info","event":"http_request","method":"GET","path":"/services","statusCode":304,"durationMs":3,"ip":"::1"}
{"timestamp":"2026-03-31T16:50:15.524Z","level":"info","event":"http_request","method":"GET","path":"/","statusCode":304,"durationMs":3,"ip":"::1"}
{"timestamp":"2026-03-31T17:28:55.413Z","level":"warn","event":"server_shutdown_started","signal":"SIGINT"}
{"timestamp":"2026-03-31T17:28:55.418Z","level":"info","event":"server_shutdown_completed","signal":"SIGINT"}
{"timestamp":"2026-03-31T17:29:03.672Z","level":"info","event":"session_store_selected","store":"memory"}
{"timestamp":"2026-03-31T17:29:03.758Z","level":"warn","event":"redis_disabled","reason":"REDIS_ENABLED or REDIS_URL not configured"}
{"timestamp":"2026-03-31T17:29:03.760Z","level":"info","event":"background_jobs_initialized","mode":"local_timer","intervalMs":60000}
{"timestamp":"2026-03-31T17:29:03.766Z","level":"info","event":"server_started","port":3000,"appUrl":"http://localhost:3000","siteUrl":"https://legalaxis.in","dbClient":"sqlite","redisEnabled":false,"queueEnabled":false,"storageDriver":"local","secureCookies":false,"forceHttps":false,"envFile":"backend/.env"}
{"timestamp":"2026-03-31T17:29:07.816Z","level":"info","event":"http_request","method":"GET","path":"/","statusCode":200,"durationMs":18,"ip":"::1"}
{"timestamp":"2026-03-31T17:29:07.922Z","level":"info","event":"http_request","method":"GET","path":"/site-config.js","statusCode":304,"durationMs":5,"ip":"::1"}
{"timestamp":"2026-03-31T17:29:09.882Z","level":"info","event":"http_request","method":"GET","path":"/partner.html","statusCode":301,"durationMs":6,"ip":"::1"}
{"timestamp":"2026-03-31T17:29:09.892Z","level":"info","event":"http_request","method":"GET","path":"/partner","statusCode":200,"durationMs":3,"ip":"::1"}
{"timestamp":"2026-03-31T17:29:09.972Z","level":"info","event":"http_request","method":"GET","path":"/partner.js","statusCode":200,"durationMs":13,"ip":"::1"}
{"timestamp":"2026-03-31T17:29:10.084Z","level":"info","event":"http_request","method":"GET","path":"/favicon.ico","statusCode":404,"durationMs":14,"ip":"::1"}
{"timestamp":"2026-03-31T17:29:32.092Z","level":"info","event":"http_request","method":"GET","path":"/","statusCode":304,"durationMs":3,"ip":"::1"}
{"timestamp":"2026-03-31T17:29:35.539Z","level":"info","event":"http_request","method":"GET","path":"/tools.html","statusCode":301,"durationMs":2,"ip":"::1"}
{"timestamp":"2026-03-31T17:29:35.550Z","level":"info","event":"http_request","method":"GET","path":"/tools","statusCode":200,"durationMs":3,"ip":"::1"}
{"timestamp":"2026-03-31T17:29:35.629Z","level":"info","event":"http_request","method":"GET","path":"/tools.js","statusCode":200,"durationMs":13,"ip":"::1"}
{"timestamp":"2026-03-31T17:30:02.933Z","level":"info","event":"http_request","method":"GET","path":"/consultation.html?service=LLP%20Registration&source=tools","statusCode":301,"durationMs":1,"ip":"::1"}
{"timestamp":"2026-03-31T17:30:03.041Z","level":"info","event":"http_request","method":"GET","path":"/consultation","statusCode":200,"durationMs":6,"ip":"::1"}
{"timestamp":"2026-03-31T17:30:03.205Z","level":"info","event":"http_request","method":"GET","path":"/api/consultations/slots?consultationType=CA&service=GST+Registration&mode=call&date=2026-04-01","statusCode":304,"durationMs":6,"ip":"::1"}
{"timestamp":"2026-03-31T17:30:06.957Z","level":"info","event":"http_request","method":"GET","path":"/tools","statusCode":304,"durationMs":3,"ip":"::1"}
{"timestamp":"2026-03-31T17:30:23.241Z","level":"info","event":"http_request","method":"GET","path":"/consultation.html?service=Sole%20Proprietorship%20Registration&source=tools","statusCode":301,"durationMs":2,"ip":"::1"}
{"timestamp":"2026-03-31T17:30:23.259Z","level":"info","event":"http_request","method":"GET","path":"/consultation","statusCode":304,"durationMs":1,"ip":"::1"}
{"timestamp":"2026-03-31T17:30:23.444Z","level":"info","event":"http_request","method":"GET","path":"/api/consultations/slots?consultationType=CA&service=GST+Registration&mode=call&date=2026-04-01","statusCode":304,"durationMs":4,"ip":"::1"}
{"timestamp":"2026-03-31T17:30:37.918Z","level":"info","event":"http_request","method":"GET","path":"/","statusCode":304,"durationMs":2,"ip":"::1"}
{"timestamp":"2026-03-31T17:30:47.952Z","level":"info","event":"http_request","method":"GET","path":"/client-portal","statusCode":404,"durationMs":8,"ip":"::1"}
{"timestamp":"2026-03-31T17:32:42.992Z","level":"info","event":"http_request","method":"GET","path":"/client-portal","statusCode":404,"durationMs":8,"ip":"::1"}
{"timestamp":"2026-03-31T17:33:10.017Z","level":"info","event":"http_request","method":"GET","path":"/client","statusCode":401,"durationMs":9,"ip":"::1"}
{"timestamp":"2026-03-31T17:33:55.140Z","level":"info","event":"http_request","method":"GET","path":"/tools","statusCode":304,"durationMs":7,"ip":"::1"}
{"timestamp":"2026-03-31T17:33:59.514Z","level":"info","event":"http_request","method":"GET","path":"/partner","statusCode":304,"durationMs":7,"ip":"::1"}
{"timestamp":"2026-03-31T17:34:22.813Z","level":"info","event":"http_request","method":"GET","path":"/","statusCode":304,"durationMs":8,"ip":"::1"}
{"timestamp":"2026-03-31T17:34:23.637Z","level":"info","event":"http_request","method":"GET","path":"/site-config.js","statusCode":304,"durationMs":1,"ip":"::1"}
{"timestamp":"2026-03-31T17:34:26.837Z","level":"info","event":"http_request","method":"GET","path":"/services","statusCode":200,"durationMs":7,"ip":"::1"}
{"timestamp":"2026-03-31T17:34:42.838Z","level":"info","event":"create_order_started","name":"ssdxasdas","phone":"8303340092","service":"GST Registration","amount":199900}
{"timestamp":"2026-03-31T17:34:43.132Z","level":"info","event":"create_order_completed","orderId":"order_SXuum5WrPvm8Uw"}
{"timestamp":"2026-03-31T17:34:43.136Z","level":"info","event":"http_request","method":"POST","path":"/api/create-order","statusCode":201,"durationMs":299,"ip":"::1"}
{"timestamp":"2026-03-31T17:35:12.862Z","level":"info","event":"verify_payment_received","orderId":"order_SXuum5WrPvm8Uw","paymentId":"pay_SXuv1WC77kYMfY","hasSignature":true}
{"timestamp":"2026-03-31T17:35:12.873Z","level":"info","event":"verify_payment_signature_checked","orderId":"order_SXuum5WrPvm8Uw","paymentId":"pay_SXuv1WC77kYMfY","isSignatureValid":true}
{"timestamp":"2026-03-31T17:35:13.141Z","level":"info","event":"invoice_generated","orderId":"order_SXuum5WrPvm8Uw","invoiceUrl":"http://localhost:3000/invoice-files/INV-WRPVM8UW.pdf"}
{"timestamp":"2026-03-31T17:35:14.025Z","level":"info","event":"whatsapp_result_recorded","orderId":"order_SXuum5WrPvm8Uw","whatsappStatus":"failed"}
{"timestamp":"2026-03-31T17:35:14.026Z","level":"info","event":"verify_payment_completed","orderId":"order_SXuum5WrPvm8Uw","paymentId":"pay_SXuv1WC77kYMfY","clientId":1,"postProcessingMode":"inline","invoiceGenerated":true,"whatsappStatus":"failed"}
{"timestamp":"2026-03-31T17:35:14.029Z","level":"info","event":"http_request","method":"POST","path":"/api/verify-payment","statusCode":200,"durationMs":1168,"ip":"::1"}
{"timestamp":"2026-03-31T17:35:14.073Z","level":"info","event":"http_request","method":"GET","path":"/payment-success.html?order_id=order_SXuum5WrPvm8Uw","statusCode":200,"durationMs":7,"ip":"::1"}
{"timestamp":"2026-03-31T17:35:14.231Z","level":"info","event":"http_request","method":"GET","path":"/api/payment-details/order_SXuum5WrPvm8Uw","statusCode":200,"durationMs":4,"ip":"::1"}
{"timestamp":"2026-03-31T17:35:22.372Z","level":"info","event":"http_request","method":"GET","path":"/invoice-files/INV-WRPVM8UW.pdf","statusCode":404,"durationMs":4,"ip":"::1"}
{"timestamp":"2026-03-31T17:38:23.277Z","level":"info","event":"http_request","method":"GET","path":"/invoice-files/INV-WRPVM8UW.pdf","statusCode":404,"durationMs":6,"ip":"::1"}
{"timestamp":"2026-03-31T17:38:31.929Z","level":"info","event":"http_request","method":"POST","path":"/api/chatbot/message","statusCode":200,"durationMs":3,"ip":"::1"}
{"timestamp":"2026-03-31T17:55:43.918Z","level":"warn","event":"server_shutdown_started","signal":"SIGINT"}
{"timestamp":"2026-03-31T17:55:43.926Z","level":"info","event":"server_shutdown_completed","signal":"SIGINT"}
{"timestamp":"2026-03-31T17:55:54.082Z","level":"info","event":"session_store_selected","store":"memory"}
{"timestamp":"2026-03-31T17:55:54.108Z","level":"warn","event":"redis_disabled","reason":"REDIS_ENABLED or REDIS_URL not configured"}
{"timestamp":"2026-03-31T17:55:54.109Z","level":"info","event":"background_jobs_initialized","mode":"local_timer","intervalMs":60000}
{"timestamp":"2026-03-31T17:55:54.113Z","level":"info","event":"server_started","port":3000,"appUrl":"http://localhost:3000","siteUrl":"https://legalaxis.in","dbClient":"sqlite","redisEnabled":false,"queueEnabled":false,"storageDriver":"local","secureCookies":false,"forceHttps":false,"envFile":"backend/.env"}
{"timestamp":"2026-03-31T17:56:00.121Z","level":"info","event":"http_request","method":"GET","path":"/","statusCode":304,"durationMs":9,"ip":"::1"}
{"timestamp":"2026-03-31T17:56:00.313Z","level":"info","event":"http_request","method":"GET","path":"/site-config.js","statusCode":304,"durationMs":2,"ip":"::1"}
{"timestamp":"2026-03-31T17:56:03.981Z","level":"info","event":"http_request","method":"GET","path":"/partner","statusCode":304,"durationMs":3,"ip":"::1"}
{"timestamp":"2026-03-31T17:56:09.001Z","level":"info","event":"http_request","method":"GET","path":"/partner","statusCode":304,"durationMs":2,"ip":"::1"}
{"timestamp":"2026-03-31T17:56:34.901Z","level":"info","event":"http_request","method":"POST","path":"/api/partners/apply","statusCode":201,"durationMs":14,"ip":"::1"}
{"timestamp":"2026-03-31T17:56:44.110Z","level":"info","event":"http_request","method":"GET","path":"/","statusCode":304,"durationMs":2,"ip":"::1"}
{"timestamp":"2026-03-31T17:56:45.971Z","level":"info","event":"http_request","method":"GET","path":"/admin","statusCode":404,"durationMs":16,"ip":"::1"}
{"timestamp":"2026-03-31T17:58:39.116Z","level":"warn","event":"server_shutdown_started","signal":"SIGINT"}
{"timestamp":"2026-03-31T17:58:39.119Z","level":"info","event":"server_shutdown_completed","signal":"SIGINT"}
{"timestamp":"2026-03-31T17:58:52.307Z","level":"info","event":"session_store_selected","store":"memory"}
{"timestamp":"2026-03-31T17:58:52.355Z","level":"warn","event":"redis_disabled","reason":"REDIS_ENABLED or REDIS_URL not configured"}
{"timestamp":"2026-03-31T17:58:52.356Z","level":"info","event":"background_jobs_initialized","mode":"local_timer","intervalMs":60000}
{"timestamp":"2026-03-31T17:58:52.365Z","level":"info","event":"server_started","port":3000,"appUrl":"http://localhost:3000","siteUrl":"https://legalaxis.in","dbClient":"sqlite","redisEnabled":false,"queueEnabled":false,"storageDriver":"local","secureCookies":false,"forceHttps":false,"envFile":"backend/.env"}
{"timestamp":"2026-03-31T17:58:55.438Z","level":"info","event":"http_request","method":"GET","path":"/","statusCode":304,"durationMs":8,"ip":"::1"}
{"timestamp":"2026-03-31T17:59:03.946Z","level":"info","event":"http_request","method":"GET","path":"/admin","statusCode":200,"durationMs":12,"ip":"::1"}
{"timestamp":"2026-03-31T17:59:04.145Z","level":"info","event":"http_request","method":"GET","path":"/api/admin/session","statusCode":304,"durationMs":4,"ip":"::1"}
{"timestamp":"2026-03-31T17:59:17.853Z","level":"info","event":"http_request","method":"POST","path":"/api/admin/login","statusCode":200,"durationMs":4,"ip":"::1"}
{"timestamp":"2026-03-31T17:59:17.882Z","level":"info","event":"http_request","method":"GET","path":"/api/admin/leads?search=&service=&date=","statusCode":304,"durationMs":4,"ip":"::1"}
{"timestamp":"2026-03-31T17:59:44.020Z","level":"info","event":"http_request","method":"GET","path":"/","statusCode":304,"durationMs":2,"ip":"::1"}
{"timestamp":"2026-03-31T17:59:48.951Z","level":"info","event":"http_request","method":"GET","path":"/client-portal","statusCode":200,"durationMs":7,"ip":"::1"}
{"timestamp":"2026-03-31T17:59:51.737Z","level":"info","event":"otp_sent","phone":"8303340092","otp":"718087","expiresAt":"2026-03-31T18:04:51.720Z","provider":"mock"}
{"timestamp":"2026-03-31T17:59:51.740Z","level":"info","event":"http_request","method":"POST","path":"/api/otp/send-otp","statusCode":200,"durationMs":22,"ip":"::1"}
{"timestamp":"2026-03-31T18:00:04.818Z","level":"info","event":"otp_verified","phone":"8303340092","clientId":1}
{"timestamp":"2026-03-31T18:00:04.822Z","level":"info","event":"http_request","method":"POST","path":"/api/otp/verify-otp","statusCode":200,"durationMs":19,"ip":"::1"}
{"timestamp":"2026-03-31T18:00:04.861Z","level":"info","event":"http_request","method":"GET","path":"/client/dashboard","statusCode":200,"durationMs":25,"ip":"::1"}
{"timestamp":"2026-03-31T18:00:04.867Z","level":"info","event":"http_request","method":"GET","path":"/client/payments","statusCode":200,"durationMs":26,"ip":"::1"}
{"timestamp":"2026-03-31T18:00:04.870Z","level":"info","event":"http_request","method":"GET","path":"/client/documents","statusCode":304,"durationMs":24,"ip":"::1"}
{"timestamp":"2026-03-31T18:00:04.874Z","level":"info","event":"http_request","method":"GET","path":"/client/services","statusCode":200,"durationMs":28,"ip":"::1"}
{"timestamp":"2026-03-31T18:00:19.021Z","level":"info","event":"http_request","method":"POST","path":"/client/documents/upload","statusCode":500,"durationMs":24,"ip":"::1"}
{"timestamp":"2026-03-31T18:03:57.956Z","level":"info","event":"http_request","method":"GET","path":"/client-portal","statusCode":304,"durationMs":3,"ip":"::1"}
{"timestamp":"2026-03-31T18:03:58.059Z","level":"info","event":"http_request","method":"GET","path":"/site-config.js","statusCode":304,"durationMs":2,"ip":"::1"}
{"timestamp":"2026-03-31T18:04:01.531Z","level":"info","event":"otp_sent","phone":"8303340092","otp":"907840","expiresAt":"2026-03-31T18:09:01.515Z","provider":"mock"}
{"timestamp":"2026-03-31T18:04:01.534Z","level":"info","event":"http_request","method":"POST","path":"/api/otp/send-otp","statusCode":200,"durationMs":19,"ip":"::1"}
{"timestamp":"2026-03-31T18:04:10.313Z","level":"info","event":"otp_verified","phone":"8303340092","clientId":1}
{"timestamp":"2026-03-31T18:04:10.316Z","level":"info","event":"http_request","method":"POST","path":"/api/otp/verify-otp","statusCode":200,"durationMs":11,"ip":"::1"}
{"timestamp":"2026-03-31T18:04:10.345Z","level":"info","event":"http_request","method":"GET","path":"/client/dashboard","statusCode":304,"durationMs":9,"ip":"::1"}
{"timestamp":"2026-03-31T18:04:10.360Z","level":"info","event":"http_request","method":"GET","path":"/client/payments","statusCode":304,"durationMs":9,"ip":"::1"}
{"timestamp":"2026-03-31T18:04:10.365Z","level":"info","event":"http_request","method":"GET","path":"/client/services","statusCode":304,"durationMs":14,"ip":"::1"}
{"timestamp":"2026-03-31T18:04:10.368Z","level":"info","event":"http_request","method":"GET","path":"/client/documents","statusCode":304,"durationMs":16,"ip":"::1"}
{"timestamp":"2026-03-31T18:04:17.693Z","level":"info","event":"http_request","method":"POST","path":"/client/documents/upload","statusCode":201,"durationMs":11,"ip":"::1"}
{"timestamp":"2026-03-31T18:04:17.714Z","level":"info","event":"http_request","method":"GET","path":"/client/dashboard","statusCode":200,"durationMs":14,"ip":"::1"}
{"timestamp":"2026-03-31T18:04:17.721Z","level":"info","event":"http_request","method":"GET","path":"/client/services","statusCode":304,"durationMs":11,"ip":"::1"}
{"timestamp":"2026-03-31T18:04:17.724Z","level":"info","event":"http_request","method":"GET","path":"/client/documents","statusCode":200,"durationMs":14,"ip":"::1"}
{"timestamp":"2026-03-31T18:04:17.726Z","level":"info","event":"http_request","method":"GET","path":"/client/payments","statusCode":304,"durationMs":11,"ip":"::1"}
{"timestamp":"2026-03-31T18:04:43.190Z","level":"info","event":"http_request","method":"POST","path":"/client/documents/upload","statusCode":201,"durationMs":12,"ip":"::1"}
{"timestamp":"2026-03-31T18:04:43.207Z","level":"info","event":"http_request","method":"GET","path":"/client/dashboard","statusCode":200,"durationMs":8,"ip":"::1"}
{"timestamp":"2026-03-31T18:04:43.219Z","level":"info","event":"http_request","method":"GET","path":"/client/payments","statusCode":304,"durationMs":8,"ip":"::1"}
{"timestamp":"2026-03-31T18:04:43.223Z","level":"info","event":"http_request","method":"GET","path":"/client/services","statusCode":304,"durationMs":11,"ip":"::1"}
{"timestamp":"2026-03-31T18:04:43.226Z","level":"info","event":"http_request","method":"GET","path":"/client/documents","statusCode":200,"durationMs":14,"ip":"::1"}
{"timestamp":"2026-03-31T18:04:55.675Z","level":"info","event":"http_request","method":"GET","path":"/client-portal?","statusCode":304,"durationMs":2,"ip":"::1"}
{"timestamp":"2026-03-31T18:04:55.829Z","level":"info","event":"http_request","method":"GET","path":"/client/payments","statusCode":304,"durationMs":24,"ip":"::1"}
{"timestamp":"2026-03-31T18:04:55.843Z","level":"info","event":"http_request","method":"GET","path":"/client/dashboard","statusCode":304,"durationMs":39,"ip":"::1"}
{"timestamp":"2026-03-31T18:04:55.855Z","level":"info","event":"http_request","method":"GET","path":"/client/services","statusCode":304,"durationMs":15,"ip":"::1"}
{"timestamp":"2026-03-31T18:04:55.861Z","level":"info","event":"http_request","method":"GET","path":"/client/documents","statusCode":304,"durationMs":12,"ip":"::1"}
{"timestamp":"2026-03-31T18:17:56.617Z","level":"warn","event":"server_shutdown_started","signal":"SIGINT"}
{"timestamp":"2026-03-31T18:17:56.619Z","level":"info","event":"server_shutdown_completed","signal":"SIGINT"}
{"timestamp":"2026-03-31T18:18:05.437Z","level":"info","event":"session_store_selected","store":"memory"}
{"timestamp":"2026-03-31T18:18:05.462Z","level":"warn","event":"redis_disabled","reason":"REDIS_ENABLED or REDIS_URL not configured"}
{"timestamp":"2026-03-31T18:18:05.463Z","level":"info","event":"background_jobs_initialized","mode":"local_timer","intervalMs":60000}
{"timestamp":"2026-03-31T18:18:05.466Z","level":"info","event":"server_started","port":3000,"appUrl":"http://localhost:3000","siteUrl":"https://legalaxis.in","dbClient":"sqlite","redisEnabled":false,"queueEnabled":false,"storageDriver":"local","secureCookies":false,"forceHttps":false,"envFile":"backend/.env"}
{"timestamp":"2026-03-31T18:18:11.805Z","level":"info","event":"http_request","method":"GET","path":"/","statusCode":304,"durationMs":12,"ip":"::1"}
{"timestamp":"2026-03-31T18:18:12.230Z","level":"info","event":"http_request","method":"GET","path":"/site-config.js","statusCode":304,"durationMs":4,"ip":"::1"}
{"timestamp":"2026-03-31T18:18:14.044Z","level":"info","event":"http_request","method":"GET","path":"/client-portal","statusCode":200,"durationMs":17,"ip":"::1"}
{"timestamp":"2026-03-31T18:18:14.259Z","level":"info","event":"http_request","method":"GET","path":"/client/dashboard","statusCode":304,"durationMs":30,"ip":"::1"}
{"timestamp":"2026-03-31T18:18:14.282Z","level":"info","event":"http_request","method":"GET","path":"/client/payments","statusCode":304,"durationMs":29,"ip":"::1"}
{"timestamp":"2026-03-31T18:18:14.287Z","level":"info","event":"http_request","method":"GET","path":"/client/services","statusCode":304,"durationMs":34,"ip":"::1"}
{"timestamp":"2026-03-31T18:18:14.291Z","level":"info","event":"http_request","method":"GET","path":"/client/documents","statusCode":304,"durationMs":35,"ip":"::1"}
{"timestamp":"2026-03-31T18:18:28.478Z","level":"info","event":"http_request","method":"GET","path":"/client-portal?","statusCode":200,"durationMs":11,"ip":"::1"}
{"timestamp":"2026-03-31T18:18:28.587Z","level":"info","event":"http_request","method":"GET","path":"/client/dashboard","statusCode":304,"durationMs":14,"ip":"::1"}
{"timestamp":"2026-03-31T18:18:28.615Z","level":"info","event":"http_request","method":"GET","path":"/client/payments","statusCode":304,"durationMs":33,"ip":"::1"}
{"timestamp":"2026-03-31T18:18:28.621Z","level":"info","event":"http_request","method":"GET","path":"/client/services","statusCode":304,"durationMs":17,"ip":"::1"}
{"timestamp":"2026-03-31T18:18:28.632Z","level":"info","event":"http_request","method":"GET","path":"/client/documents","statusCode":304,"durationMs":26,"ip":"::1"}
{"timestamp":"2026-03-31T18:18:54.960Z","level":"info","event":"http_request","method":"GET","path":"/","statusCode":304,"durationMs":1,"ip":"::1"}
{"timestamp":"2026-03-31T18:19:03.399Z","level":"info","event":"http_request","method":"GET","path":"/admin","statusCode":200,"durationMs":5,"ip":"::1"}
{"timestamp":"2026-03-31T18:19:03.611Z","level":"info","event":"http_request","method":"GET","path":"/api/admin/session","statusCode":304,"durationMs":2,"ip":"::1"}
{"timestamp":"2026-03-31T18:19:18.776Z","level":"info","event":"http_request","method":"POST","path":"/api/admin/login","statusCode":200,"durationMs":6,"ip":"::1"}
{"timestamp":"2026-03-31T18:19:18.797Z","level":"info","event":"http_request","method":"GET","path":"/api/admin/leads?search=&service=&date=","statusCode":304,"durationMs":2,"ip":"::1"}
{"timestamp":"2026-03-31T18:21:16.590Z","level":"info","event":"http_request","method":"GET","path":"/","statusCode":304,"durationMs":5,"ip":"::1"}
{"timestamp":"2026-03-31T18:21:19.645Z","level":"info","event":"http_request","method":"GET","path":"/client-portal","statusCode":304,"durationMs":2,"ip":"::1"}
{"timestamp":"2026-03-31T18:21:22.904Z","level":"info","event":"otp_sent","phone":"8303340092","otp":"757223","expiresAt":"2026-03-31T18:26:22.889Z","provider":"mock"}
{"timestamp":"2026-03-31T18:21:22.909Z","level":"info","event":"http_request","method":"POST","path":"/api/otp/send-otp","statusCode":200,"durationMs":21,"ip":"::1"}
{"timestamp":"2026-03-31T18:21:31.371Z","level":"info","event":"otp_verified","phone":"8303340092","clientId":1}
{"timestamp":"2026-03-31T18:21:31.377Z","level":"info","event":"http_request","method":"POST","path":"/api/otp/verify-otp","statusCode":200,"durationMs":17,"ip":"::1"}
{"timestamp":"2026-03-31T18:21:31.404Z","level":"info","event":"http_request","method":"GET","path":"/client/dashboard","statusCode":304,"durationMs":13,"ip":"::1"}
{"timestamp":"2026-03-31T18:21:31.407Z","level":"info","event":"http_request","method":"GET","path":"/client/payments","statusCode":304,"durationMs":10,"ip":"::1"}
{"timestamp":"2026-03-31T18:21:31.411Z","level":"info","event":"http_request","method":"GET","path":"/client/services","statusCode":304,"durationMs":14,"ip":"::1"}
{"timestamp":"2026-03-31T18:21:31.414Z","level":"info","event":"http_request","method":"GET","path":"/client/documents","statusCode":304,"durationMs":13,"ip":"::1"}
{"timestamp":"2026-03-31T18:23:02.697Z","level":"info","event":"http_request","method":"GET","path":"/client-portal?","statusCode":304,"durationMs":1,"ip":"::1"}
{"timestamp":"2026-03-31T18:23:02.880Z","level":"info","event":"http_request","method":"GET","path":"/client/dashboard","statusCode":304,"durationMs":6,"ip":"::1"}
{"timestamp":"2026-03-31T18:23:02.922Z","level":"info","event":"http_request","method":"GET","path":"/client/payments","statusCode":304,"durationMs":8,"ip":"::1"}
{"timestamp":"2026-03-31T18:23:02.927Z","level":"info","event":"http_request","method":"GET","path":"/client/services","statusCode":304,"durationMs":9,"ip":"::1"}
{"timestamp":"2026-03-31T18:23:02.930Z","level":"info","event":"http_request","method":"GET","path":"/client/documents","statusCode":304,"durationMs":11,"ip":"::1"}
{"timestamp":"2026-03-31T18:32:22.633Z","level":"warn","event":"server_shutdown_started","signal":"SIGINT"}
{"timestamp":"2026-03-31T18:32:22.638Z","level":"info","event":"server_shutdown_completed","signal":"SIGINT"}
{"timestamp":"2026-03-31T18:32:32.118Z","level":"info","event":"session_store_selected","store":"memory"}
{"timestamp":"2026-03-31T18:32:32.163Z","level":"warn","event":"redis_disabled","reason":"REDIS_ENABLED or REDIS_URL not configured"}
{"timestamp":"2026-03-31T18:32:32.165Z","level":"info","event":"background_jobs_initialized","mode":"local_timer","intervalMs":60000}
{"timestamp":"2026-03-31T18:32:32.168Z","level":"info","event":"server_started","port":3000,"appUrl":"http://localhost:3000","siteUrl":"https://legalaxis.in","dbClient":"sqlite","redisEnabled":false,"queueEnabled":false,"storageDriver":"local","secureCookies":false,"forceHttps":false,"envFile":"backend/.env"}
{"timestamp":"2026-03-31T18:32:36.406Z","level":"info","event":"http_request","method":"GET","path":"/","statusCode":304,"durationMs":11,"ip":"::1"}
{"timestamp":"2026-03-31T18:32:36.843Z","level":"info","event":"http_request","method":"GET","path":"/site-config.js","statusCode":304,"durationMs":6,"ip":"::1"}
{"timestamp":"2026-03-31T18:48:15.282Z","level":"info","event":"session_store_selected","store":"memory"}
{"timestamp":"2026-03-31T18:48:15.339Z","level":"warn","event":"redis_disabled","reason":"REDIS_ENABLED or REDIS_URL not configured"}
{"timestamp":"2026-03-31T18:48:15.340Z","level":"info","event":"background_jobs_initialized","mode":"local_timer","intervalMs":60000}
{"timestamp":"2026-03-31T18:48:15.347Z","level":"info","event":"server_started","port":3000,"appUrl":"http://localhost:3000","siteUrl":"https://legalaxis.in","dbClient":"sqlite","redisEnabled":false,"queueEnabled":false,"storageDriver":"local","secureCookies":false,"forceHttps":false,"envFile":"backend/.env"}
{"timestamp":"2026-03-31T18:48:49.490Z","level":"info","event":"http_request","method":"GET","path":"/","statusCode":304,"durationMs":18,"ip":"::1"}
{"timestamp":"2026-03-31T18:48:50.173Z","level":"info","event":"http_request","method":"GET","path":"/site-config.js","statusCode":304,"durationMs":4,"ip":"::1"}
{"timestamp":"2026-03-31T18:48:52.066Z","level":"info","event":"http_request","method":"GET","path":"/client-portal","statusCode":200,"durationMs":39,"ip":"::1"}
{"timestamp":"2026-03-31T18:48:52.168Z","level":"info","event":"http_request","method":"GET","path":"/client.js?v=20260331-support-2","statusCode":200,"durationMs":19,"ip":"::1"}
{"timestamp":"2026-03-31T18:48:52.322Z","level":"info","event":"http_request","method":"GET","path":"/client/payments","statusCode":304,"durationMs":29,"ip":"::1"}
{"timestamp":"2026-03-31T18:48:52.380Z","level":"info","event":"http_request","method":"GET","path":"/client/services","statusCode":304,"durationMs":86,"ip":"::1"}
{"timestamp":"2026-03-31T18:48:52.388Z","level":"info","event":"http_request","method":"GET","path":"/client/dashboard","statusCode":200,"durationMs":141,"ip":"::1"}
{"timestamp":"2026-03-31T18:48:52.435Z","level":"info","event":"http_request","method":"GET","path":"/client/consultations","statusCode":200,"durationMs":29,"ip":"::1"}
{"timestamp":"2026-03-31T18:48:52.439Z","level":"info","event":"http_request","method":"GET","path":"/favicon.ico","statusCode":404,"durationMs":21,"ip":"::1"}
{"timestamp":"2026-03-31T18:48:52.443Z","level":"info","event":"http_request","method":"GET","path":"/client/subscriptions","statusCode":200,"durationMs":35,"ip":"::1"}
{"timestamp":"2026-03-31T18:48:52.446Z","level":"info","event":"http_request","method":"GET","path":"/client/documents","statusCode":304,"durationMs":39,"ip":"::1"}
{"timestamp":"2026-03-31T18:48:52.451Z","level":"info","event":"http_request","method":"GET","path":"/client/tickets","statusCode":200,"durationMs":44,"ip":"::1"}
{"timestamp":"2026-03-31T18:49:02.983Z","level":"info","event":"http_request","method":"POST","path":"/client/tickets","statusCode":201,"durationMs":14,"ip":"::1"}
{"timestamp":"2026-03-31T18:49:03.028Z","level":"info","event":"http_request","method":"GET","path":"/client/tickets","statusCode":200,"durationMs":22,"ip":"::1"}
{"timestamp":"2026-03-31T18:49:03.048Z","level":"info","event":"http_request","method":"GET","path":"/client/documents","statusCode":304,"durationMs":31,"ip":"::1"}
{"timestamp":"2026-03-31T18:49:03.052Z","level":"info","event":"http_request","method":"GET","path":"/client/payments","statusCode":304,"durationMs":32,"ip":"::1"}
{"timestamp":"2026-03-31T18:49:03.058Z","level":"info","event":"http_request","method":"GET","path":"/client/services","statusCode":304,"durationMs":37,"ip":"::1"}
{"timestamp":"2026-03-31T18:49:03.062Z","level":"info","event":"http_request","method":"GET","path":"/client/subscriptions","statusCode":304,"durationMs":40,"ip":"::1"}
{"timestamp":"2026-03-31T18:49:03.065Z","level":"info","event":"http_request","method":"GET","path":"/client/dashboard","statusCode":200,"durationMs":54,"ip":"::1"}
{"timestamp":"2026-03-31T18:49:03.069Z","level":"info","event":"http_request","method":"GET","path":"/client/consultations","statusCode":304,"durationMs":27,"ip":"::1"}
{"timestamp":"2026-03-31T18:49:42.601Z","level":"info","event":"http_request","method":"GET","path":"/","statusCode":304,"durationMs":2,"ip":"::1"}
{"timestamp":"2026-03-31T18:49:44.100Z","level":"info","event":"http_request","method":"GET","path":"/admin","statusCode":200,"durationMs":6,"ip":"::1"}
{"timestamp":"2026-03-31T18:49:44.350Z","level":"info","event":"http_request","method":"GET","path":"/admin.js?v=20260331-support-2","statusCode":200,"durationMs":5,"ip":"::1"}
{"timestamp":"2026-03-31T18:49:44.368Z","level":"info","event":"http_request","method":"GET","path":"/api/admin/session","statusCode":304,"durationMs":1,"ip":"::1"}
{"timestamp":"2026-03-31T18:50:03.695Z","level":"info","event":"http_request","method":"POST","path":"/api/admin/login","statusCode":200,"durationMs":3,"ip":"::1"}
{"timestamp":"2026-03-31T18:50:03.753Z","level":"info","event":"http_request","method":"GET","path":"/api/admin/leads","statusCode":200,"durationMs":27,"ip":"::1"}
{"timestamp":"2026-03-31T18:50:03.757Z","level":"info","event":"http_request","method":"GET","path":"/api/admin/tasks","statusCode":200,"durationMs":26,"ip":"::1"}
{"timestamp":"2026-03-31T18:50:03.760Z","level":"info","event":"http_request","method":"GET","path":"/api/admin/overview","statusCode":200,"durationMs":36,"ip":"::1"}
{"timestamp":"2026-03-31T18:50:03.772Z","level":"info","event":"http_request","method":"GET","path":"/api/admin/clients","statusCode":200,"durationMs":46,"ip":"::1"}
{"timestamp":"2026-03-31T18:50:03.775Z","level":"info","event":"http_request","method":"GET","path":"/api/admin/workflow-instances","statusCode":200,"durationMs":44,"ip":"::1"}
{"timestamp":"2026-03-31T18:50:03.789Z","level":"info","event":"http_request","method":"GET","path":"/api/admin/tickets?search=&status=&priority=","statusCode":200,"durationMs":59,"ip":"::1"}
{"timestamp":"2026-03-31T18:50:03.794Z","level":"info","event":"http_request","method":"GET","path":"/api/admin/billing/subscriptions","statusCode":200,"durationMs":30,"ip":"::1"}
{"timestamp":"2026-03-31T18:50:03.805Z","level":"info","event":"http_request","method":"GET","path":"/api/admin/billing/plans","statusCode":200,"durationMs":40,"ip":"::1"}
{"timestamp":"2026-03-31T18:50:03.834Z","level":"info","event":"http_request","method":"GET","path":"/api/admin/vault","statusCode":404,"durationMs":11,"ip":"::1"}
{"timestamp":"2026-03-31T18:50:03.837Z","level":"info","event":"http_request","method":"GET","path":"/api/admin/followups","statusCode":200,"durationMs":72,"ip":"::1"}
{"timestamp":"2026-03-31T18:50:03.843Z","level":"info","event":"http_request","method":"GET","path":"/api/admin/consultations","statusCode":200,"durationMs":63,"ip":"::1"}
{"timestamp":"2026-03-31T18:50:03.845Z","level":"info","event":"http_request","method":"GET","path":"/api/admin/referrals","statusCode":200,"durationMs":65,"ip":"::1"}
{"timestamp":"2026-03-31T18:50:03.856Z","level":"info","event":"http_request","method":"GET","path":"/api/admin/addons","statusCode":200,"durationMs":34,"ip":"::1"}
{"timestamp":"2026-03-31T18:50:03.862Z","level":"info","event":"http_request","method":"GET","path":"/api/admin/vault/documents","statusCode":200,"durationMs":10,"ip":"::1"}
{"timestamp":"2026-03-31T18:50:36.058Z","level":"info","event":"http_request","method":"GET","path":"/api/admin/overview","statusCode":304,"durationMs":9,"ip":"::1"}
{"timestamp":"2026-03-31T18:50:36.073Z","level":"info","event":"http_request","method":"GET","path":"/api/admin/leads","statusCode":304,"durationMs":8,"ip":"::1"}
{"timestamp":"2026-03-31T18:50:36.077Z","level":"info","event":"http_request","method":"GET","path":"/api/admin/tasks","statusCode":304,"durationMs":7,"ip":"::1"}
{"timestamp":"2026-03-31T18:50:36.080Z","level":"info","event":"http_request","method":"GET","path":"/api/admin/billing/subscriptions","statusCode":304,"durationMs":10,"ip":"::1"}
{"timestamp":"2026-03-31T18:50:36.082Z","level":"info","event":"http_request","method":"GET","path":"/api/admin/clients","statusCode":304,"durationMs":16,"ip":"::1"}
{"timestamp":"2026-03-31T18:50:36.088Z","level":"info","event":"http_request","method":"GET","path":"/api/admin/workflow-instances","statusCode":304,"durationMs":18,"ip":"::1"}
{"timestamp":"2026-03-31T18:50:36.094Z","level":"info","event":"http_request","method":"GET","path":"/api/admin/tickets?search=&status=&priority=","statusCode":304,"durationMs":27,"ip":"::1"}
{"timestamp":"2026-03-31T18:50:36.096Z","level":"info","event":"http_request","method":"GET","path":"/api/admin/billing/plans","statusCode":304,"durationMs":16,"ip":"::1"}
{"timestamp":"2026-03-31T18:50:36.106Z","level":"info","event":"http_request","method":"GET","path":"/api/admin/vault","statusCode":404,"durationMs":5,"ip":"::1"}
{"timestamp":"2026-03-31T18:50:36.111Z","level":"info","event":"http_request","method":"GET","path":"/api/admin/followups","statusCode":304,"durationMs":24,"ip":"::1"}
{"timestamp":"2026-03-31T18:50:36.117Z","level":"info","event":"http_request","method":"GET","path":"/api/admin/referrals","statusCode":304,"durationMs":28,"ip":"::1"}
{"timestamp":"2026-03-31T18:50:36.118Z","level":"info","event":"http_request","method":"GET","path":"/api/admin/consultations","statusCode":304,"durationMs":29,"ip":"::1"}
{"timestamp":"2026-03-31T18:50:36.125Z","level":"info","event":"http_request","method":"GET","path":"/api/admin/addons","statusCode":304,"durationMs":33,"ip":"::1"}
{"timestamp":"2026-03-31T18:50:36.129Z","level":"info","event":"http_request","method":"GET","path":"/api/admin/vault/documents","statusCode":304,"durationMs":9,"ip":"::1"}
{"timestamp":"2026-03-31T18:50:43.058Z","level":"info","event":"http_request","method":"POST","path":"/api/admin/tickets/2/status","statusCode":200,"durationMs":10,"ip":"::1"}
{"timestamp":"2026-03-31T18:50:43.076Z","level":"info","event":"http_request","method":"GET","path":"/api/admin/overview","statusCode":304,"durationMs":6,"ip":"::1"}
{"timestamp":"2026-03-31T18:50:43.087Z","level":"info","event":"http_request","method":"GET","path":"/api/admin/leads","statusCode":304,"durationMs":9,"ip":"::1"}
{"timestamp":"2026-03-31T18:50:43.093Z","level":"info","event":"http_request","method":"GET","path":"/api/admin/tasks","statusCode":304,"durationMs":8,"ip":"::1"}
{"timestamp":"2026-03-31T18:50:43.097Z","level":"info","event":"http_request","method":"GET","path":"/api/admin/clients","statusCode":304,"durationMs":16,"ip":"::1"}
{"timestamp":"2026-03-31T18:50:43.102Z","level":"info","event":"http_request","method":"GET","path":"/api/admin/billing/subscriptions","statusCode":304,"durationMs":13,"ip":"::1"}
{"timestamp":"2026-03-31T18:50:43.107Z","level":"info","event":"http_request","method":"GET","path":"/api/admin/billing/plans","statusCode":304,"durationMs":16,"ip":"::1"}
{"timestamp":"2026-03-31T18:50:43.111Z","level":"info","event":"http_request","method":"GET","path":"/api/admin/workflow-instances","statusCode":304,"durationMs":26,"ip":"::1"}
{"timestamp":"2026-03-31T18:50:43.113Z","level":"info","event":"http_request","method":"GET","path":"/api/admin/tickets?search=&status=&priority=","statusCode":200,"durationMs":31,"ip":"::1"}
{"timestamp":"2026-03-31T18:50:43.123Z","level":"info","event":"http_request","method":"GET","path":"/api/admin/vault","statusCode":404,"durationMs":6,"ip":"::1"}
{"timestamp":"2026-03-31T18:50:43.127Z","level":"info","event":"http_request","method":"GET","path":"/api/admin/followups","statusCode":304,"durationMs":26,"ip":"::1"}
{"timestamp":"2026-03-31T18:50:43.131Z","level":"info","event":"http_request","method":"GET","path":"/api/admin/consultations","statusCode":304,"durationMs":28,"ip":"::1"}
{"timestamp":"2026-03-31T18:50:43.135Z","level":"info","event":"http_request","method":"GET","path":"/api/admin/referrals","statusCode":304,"durationMs":20,"ip":"::1"}
{"timestamp":"2026-03-31T18:50:43.139Z","level":"info","event":"http_request","method":"GET","path":"/api/admin/addons","statusCode":304,"durationMs":22,"ip":"::1"}
{"timestamp":"2026-03-31T18:50:43.143Z","level":"info","event":"http_request","method":"GET","path":"/api/admin/vault/documents","statusCode":304,"durationMs":7,"ip":"::1"}
{"timestamp":"2026-03-31T18:50:49.115Z","level":"info","event":"http_request","method":"GET","path":"/api/admin/overview","statusCode":304,"durationMs":5,"ip":"::1"}
{"timestamp":"2026-03-31T18:50:49.128Z","level":"info","event":"http_request","method":"GET","path":"/api/admin/leads","statusCode":304,"durationMs":8,"ip":"::1"}
{"timestamp":"2026-03-31T18:50:49.143Z","level":"info","event":"http_request","method":"GET","path":"/api/admin/tasks","statusCode":304,"durationMs":6,"ip":"::1"}
{"timestamp":"2026-03-31T18:50:49.148Z","level":"info","event":"http_request","method":"GET","path":"/api/admin/billing/subscriptions","statusCode":304,"durationMs":9,"ip":"::1"}
{"timestamp":"2026-03-31T18:50:49.150Z","level":"info","event":"http_request","method":"GET","path":"/api/admin/billing/plans","statusCode":304,"durationMs":11,"ip":"::1"}
{"timestamp":"2026-03-31T18:50:49.157Z","level":"info","event":"http_request","method":"GET","path":"/api/admin/clients","statusCode":304,"durationMs":24,"ip":"::1"}
{"timestamp":"2026-03-31T18:50:49.159Z","level":"info","event":"http_request","method":"GET","path":"/api/admin/workflow-instances","statusCode":304,"durationMs":23,"ip":"::1"}
{"timestamp":"2026-03-31T18:50:49.165Z","level":"info","event":"http_request","method":"GET","path":"/api/admin/tickets?search=&status=in_progress&priority=","statusCode":200,"durationMs":34,"ip":"::1"}
{"timestamp":"2026-03-31T18:50:49.171Z","level":"info","event":"http_request","method":"GET","path":"/api/admin/vault","statusCode":404,"durationMs":5,"ip":"::1"}
{"timestamp":"2026-03-31T18:50:49.178Z","level":"info","event":"http_request","method":"GET","path":"/api/admin/consultations","statusCode":304,"durationMs":16,"ip":"::1"}
{"timestamp":"2026-03-31T18:50:49.182Z","level":"info","event":"http_request","method":"GET","path":"/api/admin/followups","statusCode":304,"durationMs":28,"ip":"::1"}
{"timestamp":"2026-03-31T18:50:49.184Z","level":"info","event":"http_request","method":"GET","path":"/api/admin/referrals","statusCode":304,"durationMs":22,"ip":"::1"}
{"timestamp":"2026-03-31T18:50:49.190Z","level":"info","event":"http_request","method":"GET","path":"/api/admin/addons","statusCode":304,"durationMs":24,"ip":"::1"}
{"timestamp":"2026-03-31T18:50:49.194Z","level":"info","event":"http_request","method":"GET","path":"/api/admin/vault/documents","statusCode":304,"durationMs":8,"ip":"::1"}
{"timestamp":"2026-03-31T18:50:53.418Z","level":"info","event":"http_request","method":"GET","path":"/api/admin/overview","statusCode":304,"durationMs":5,"ip":"::1"}
{"timestamp":"2026-03-31T18:50:53.429Z","level":"info","event":"http_request","method":"GET","path":"/api/admin/leads","statusCode":304,"durationMs":5,"ip":"::1"}
{"timestamp":"2026-03-31T18:50:53.441Z","level":"info","event":"http_request","method":"GET","path":"/api/admin/tasks","statusCode":304,"durationMs":6,"ip":"::1"}
{"timestamp":"2026-03-31T18:50:53.445Z","level":"info","event":"http_request","method":"GET","path":"/api/admin/billing/plans","statusCode":304,"durationMs":7,"ip":"::1"}
{"timestamp":"2026-03-31T18:50:53.446Z","level":"info","event":"http_request","method":"GET","path":"/api/admin/billing/subscriptions","statusCode":304,"durationMs":9,"ip":"::1"}
{"timestamp":"2026-03-31T18:50:53.447Z","level":"info","event":"http_request","method":"GET","path":"/api/admin/clients","statusCode":304,"durationMs":15,"ip":"::1"}
{"timestamp":"2026-03-31T18:50:53.454Z","level":"info","event":"http_request","method":"GET","path":"/api/admin/workflow-instances","statusCode":304,"durationMs":17,"ip":"::1"}
{"timestamp":"2026-03-31T18:50:53.457Z","level":"info","event":"http_request","method":"GET","path":"/api/admin/tickets?search=&status=&priority=","statusCode":304,"durationMs":24,"ip":"::1"}
{"timestamp":"2026-03-31T18:50:53.464Z","level":"info","event":"http_request","method":"GET","path":"/api/admin/vault","statusCode":404,"durationMs":5,"ip":"::1"}
{"timestamp":"2026-03-31T18:50:53.470Z","level":"info","event":"http_request","method":"GET","path":"/api/admin/followups","statusCode":304,"durationMs":20,"ip":"::1"}
{"timestamp":"2026-03-31T18:50:53.472Z","level":"info","event":"http_request","method":"GET","path":"/api/admin/consultations","statusCode":304,"durationMs":20,"ip":"::1"}
{"timestamp":"2026-03-31T18:50:53.473Z","level":"info","event":"http_request","method":"GET","path":"/api/admin/referrals","statusCode":304,"durationMs":21,"ip":"::1"}
{"timestamp":"2026-03-31T18:50:53.477Z","level":"info","event":"http_request","method":"GET","path":"/api/admin/addons","statusCode":304,"durationMs":25,"ip":"::1"}
{"timestamp":"2026-03-31T18:50:53.481Z","level":"info","event":"http_request","method":"GET","path":"/api/admin/vault/documents","statusCode":304,"durationMs":5,"ip":"::1"}
{"timestamp":"2026-03-31T18:51:02.707Z","level":"info","event":"http_request","method":"GET","path":"/api/admin/overview","statusCode":304,"durationMs":13,"ip":"::1"}
{"timestamp":"2026-03-31T18:51:02.710Z","level":"info","event":"http_request","method":"GET","path":"/api/admin/leads","statusCode":304,"durationMs":9,"ip":"::1"}
{"timestamp":"2026-03-31T18:51:02.727Z","level":"info","event":"http_request","method":"GET","path":"/api/admin/billing/subscriptions","statusCode":304,"durationMs":6,"ip":"::1"}
{"timestamp":"2026-03-31T18:51:02.728Z","level":"info","event":"http_request","method":"GET","path":"/api/admin/tasks","statusCode":304,"durationMs":7,"ip":"::1"}
{"timestamp":"2026-03-31T18:51:02.733Z","level":"info","event":"http_request","method":"GET","path":"/api/admin/billing/plans","statusCode":304,"durationMs":10,"ip":"::1"}
{"timestamp":"2026-03-31T18:51:02.736Z","level":"info","event":"http_request","method":"GET","path":"/api/admin/clients","statusCode":304,"durationMs":15,"ip":"::1"}
{"timestamp":"2026-03-31T18:51:02.737Z","level":"info","event":"http_request","method":"GET","path":"/api/admin/workflow-instances","statusCode":304,"durationMs":16,"ip":"::1"}
{"timestamp":"2026-03-31T18:51:02.744Z","level":"info","event":"http_request","method":"GET","path":"/api/admin/tickets?search=&status=in_progress&priority=","statusCode":304,"durationMs":23,"ip":"::1"}
{"timestamp":"2026-03-31T18:51:02.750Z","level":"info","event":"http_request","method":"GET","path":"/api/admin/vault","statusCode":404,"durationMs":7,"ip":"::1"}
{"timestamp":"2026-03-31T18:51:02.751Z","level":"info","event":"http_request","method":"GET","path":"/api/admin/followups","statusCode":304,"durationMs":21,"ip":"::1"}
{"timestamp":"2026-03-31T18:51:02.756Z","level":"info","event":"http_request","method":"GET","path":"/api/admin/consultations","statusCode":304,"durationMs":23,"ip":"::1"}
{"timestamp":"2026-03-31T18:51:02.760Z","level":"info","event":"http_request","method":"GET","path":"/api/admin/referrals","statusCode":304,"durationMs":19,"ip":"::1"}
{"timestamp":"2026-03-31T18:51:02.765Z","level":"info","event":"http_request","method":"GET","path":"/api/admin/addons","statusCode":304,"durationMs":24,"ip":"::1"}
{"timestamp":"2026-03-31T18:51:02.768Z","level":"info","event":"http_request","method":"GET","path":"/api/admin/vault/documents","statusCode":304,"durationMs":9,"ip":"::1"}
{"timestamp":"2026-03-31T18:51:06.634Z","level":"info","event":"http_request","method":"GET","path":"/api/admin/overview","statusCode":304,"durationMs":6,"ip":"::1"}
{"timestamp":"2026-03-31T18:51:06.648Z","level":"info","event":"http_request","method":"GET","path":"/api/admin/leads","statusCode":304,"durationMs":5,"ip":"::1"}
{"timestamp":"2026-03-31T18:51:06.661Z","level":"info","event":"http_request","method":"GET","path":"/api/admin/tasks","statusCode":304,"durationMs":8,"ip":"::1"}
{"timestamp":"2026-03-31T18:51:06.664Z","level":"info","event":"http_request","method":"GET","path":"/api/admin/billing/subscriptions","statusCode":304,"durationMs":7,"ip":"::1"}
{"timestamp":"2026-03-31T18:51:06.668Z","level":"info","event":"http_request","method":"GET","path":"/api/admin/billing/plans","statusCode":304,"durationMs":11,"ip":"::1"}
{"timestamp":"2026-03-31T18:51:06.669Z","level":"info","event":"http_request","method":"GET","path":"/api/admin/clients","statusCode":304,"durationMs":16,"ip":"::1"}
{"timestamp":"2026-03-31T18:51:06.674Z","level":"info","event":"http_request","method":"GET","path":"/api/admin/workflow-instances","statusCode":304,"durationMs":18,"ip":"::1"}
{"timestamp":"2026-03-31T18:51:06.680Z","level":"info","event":"http_request","method":"GET","path":"/api/admin/tickets?search=&status=closed&priority=","statusCode":200,"durationMs":28,"ip":"::1"}
{"timestamp":"2026-03-31T18:51:06.687Z","level":"info","event":"http_request","method":"GET","path":"/api/admin/vault","statusCode":404,"durationMs":6,"ip":"::1"}
{"timestamp":"2026-03-31T18:51:06.692Z","level":"info","event":"http_request","method":"GET","path":"/api/admin/followups","statusCode":304,"durationMs":26,"ip":"::1"}
{"timestamp":"2026-03-31T18:51:06.695Z","level":"info","event":"http_request","method":"GET","path":"/api/admin/consultations","statusCode":304,"durationMs":24,"ip":"::1"}
{"timestamp":"2026-03-31T18:51:06.699Z","level":"info","event":"http_request","method":"GET","path":"/api/admin/referrals","statusCode":304,"durationMs":23,"ip":"::1"}
{"timestamp":"2026-03-31T18:51:06.703Z","level":"info","event":"http_request","method":"GET","path":"/api/admin/addons","statusCode":304,"durationMs":23,"ip":"::1"}
{"timestamp":"2026-03-31T18:51:06.707Z","level":"info","event":"http_request","method":"GET","path":"/api/admin/vault/documents","statusCode":304,"durationMs":9,"ip":"::1"}
{"timestamp":"2026-03-31T18:51:45.072Z","level":"info","event":"http_request","method":"GET","path":"/api/admin/overview","statusCode":304,"durationMs":7,"ip":"::1"}
{"timestamp":"2026-03-31T18:51:45.088Z","level":"info","event":"http_request","method":"GET","path":"/api/admin/leads","statusCode":304,"durationMs":6,"ip":"::1"}
{"timestamp":"2026-03-31T18:51:45.097Z","level":"info","event":"http_request","method":"GET","path":"/api/admin/clients","statusCode":304,"durationMs":14,"ip":"::1"}
{"timestamp":"2026-03-31T18:51:45.102Z","level":"info","event":"http_request","method":"GET","path":"/api/admin/tasks","statusCode":304,"durationMs":8,"ip":"::1"}
{"timestamp":"2026-03-31T18:51:45.104Z","level":"info","event":"http_request","method":"GET","path":"/api/admin/billing/subscriptions","statusCode":304,"durationMs":10,"ip":"::1"}
{"timestamp":"2026-03-31T18:51:45.108Z","level":"info","event":"http_request","method":"GET","path":"/api/admin/billing/plans","statusCode":304,"durationMs":14,"ip":"::1"}
{"timestamp":"2026-03-31T18:51:45.113Z","level":"info","event":"http_request","method":"GET","path":"/api/admin/workflow-instances","statusCode":304,"durationMs":18,"ip":"::1"}
{"timestamp":"2026-03-31T18:51:45.118Z","level":"info","event":"http_request","method":"GET","path":"/api/admin/tickets?search=&status=&priority=","statusCode":304,"durationMs":24,"ip":"::1"}
{"timestamp":"2026-03-31T18:51:45.126Z","level":"info","event":"http_request","method":"GET","path":"/api/admin/vault","statusCode":404,"durationMs":10,"ip":"::1"}
{"timestamp":"2026-03-31T18:51:45.131Z","level":"info","event":"http_request","method":"GET","path":"/api/admin/followups","statusCode":304,"durationMs":25,"ip":"::1"}
{"timestamp":"2026-03-31T18:51:45.134Z","level":"info","event":"http_request","method":"GET","path":"/api/admin/referrals","statusCode":304,"durationMs":25,"ip":"::1"}
{"timestamp":"2026-03-31T18:51:45.138Z","level":"info","event":"http_request","method":"GET","path":"/api/admin/consultations","statusCode":304,"durationMs":29,"ip":"::1"}
{"timestamp":"2026-03-31T18:51:45.143Z","level":"info","event":"http_request","method":"GET","path":"/api/admin/addons","statusCode":304,"durationMs":29,"ip":"::1"}
{"timestamp":"2026-03-31T18:51:45.147Z","level":"info","event":"http_request","method":"GET","path":"/api/admin/vault/documents","statusCode":304,"durationMs":7,"ip":"::1"}
{"timestamp":"2026-03-31T18:51:47.953Z","level":"info","event":"http_request","method":"GET","path":"/api/admin/overview","statusCode":304,"durationMs":5,"ip":"::1"}
{"timestamp":"2026-03-31T18:51:47.968Z","level":"info","event":"http_request","method":"GET","path":"/api/admin/leads","statusCode":304,"durationMs":6,"ip":"::1"}
{"timestamp":"2026-03-31T18:51:47.979Z","level":"info","event":"http_request","method":"GET","path":"/api/admin/tasks","statusCode":304,"durationMs":5,"ip":"::1"}
{"timestamp":"2026-03-31T18:51:47.982Z","level":"info","event":"http_request","method":"GET","path":"/api/admin/clients","statusCode":304,"durationMs":10,"ip":"::1"}
{"timestamp":"2026-03-31T18:51:47.984Z","level":"info","event":"http_request","method":"GET","path":"/api/admin/tickets?search=&status=open&priority=","statusCode":200,"durationMs":14,"ip":"::1"}
{"timestamp":"2026-03-31T18:51:47.987Z","level":"info","event":"http_request","method":"GET","path":"/api/admin/billing/subscriptions","statusCode":304,"durationMs":12,"ip":"::1"}
{"timestamp":"2026-03-31T18:51:47.989Z","level":"info","event":"http_request","method":"GET","path":"/api/admin/billing/plans","statusCode":304,"durationMs":13,"ip":"::1"}
{"timestamp":"2026-03-31T18:51:47.994Z","level":"info","event":"http_request","method":"GET","path":"/api/admin/workflow-instances","statusCode":304,"durationMs":20,"ip":"::1"}
{"timestamp":"2026-03-31T18:51:48.004Z","level":"info","event":"http_request","method":"GET","path":"/api/admin/vault","statusCode":404,"durationMs":6,"ip":"::1"}
{"timestamp":"2026-03-31T18:51:48.007Z","level":"info","event":"http_request","method":"GET","path":"/api/admin/followups","statusCode":304,"durationMs":17,"ip":"::1"}
{"timestamp":"2026-03-31T18:51:48.009Z","level":"info","event":"http_request","method":"GET","path":"/api/admin/consultations","statusCode":304,"durationMs":16,"ip":"::1"}
{"timestamp":"2026-03-31T18:51:48.012Z","level":"info","event":"http_request","method":"GET","path":"/api/admin/referrals","statusCode":304,"durationMs":17,"ip":"::1"}
{"timestamp":"2026-03-31T18:51:48.016Z","level":"info","event":"http_request","method":"GET","path":"/api/admin/addons","statusCode":304,"durationMs":18,"ip":"::1"}
{"timestamp":"2026-03-31T18:51:48.020Z","level":"info","event":"http_request","method":"GET","path":"/api/admin/vault/documents","statusCode":304,"durationMs":7,"ip":"::1"}
{"timestamp":"2026-03-31T18:51:50.289Z","level":"info","event":"http_request","method":"GET","path":"/api/admin/overview","statusCode":304,"durationMs":5,"ip":"::1"}
{"timestamp":"2026-03-31T18:51:50.299Z","level":"info","event":"http_request","method":"GET","path":"/api/admin/leads","statusCode":304,"durationMs":7,"ip":"::1"}
{"timestamp":"2026-03-31T18:51:50.314Z","level":"info","event":"http_request","method":"GET","path":"/api/admin/billing/subscriptions","statusCode":304,"durationMs":6,"ip":"::1"}
{"timestamp":"2026-03-31T18:51:50.315Z","level":"info","event":"http_request","method":"GET","path":"/api/admin/tasks","statusCode":304,"durationMs":7,"ip":"::1"}
{"timestamp":"2026-03-31T18:51:50.317Z","level":"info","event":"http_request","method":"GET","path":"/api/admin/billing/plans","statusCode":304,"durationMs":9,"ip":"::1"}
{"timestamp":"2026-03-31T18:51:50.322Z","level":"info","event":"http_request","method":"GET","path":"/api/admin/clients","statusCode":304,"durationMs":17,"ip":"::1"}
{"timestamp":"2026-03-31T18:51:50.325Z","level":"info","event":"http_request","method":"GET","path":"/api/admin/workflow-instances","statusCode":304,"durationMs":17,"ip":"::1"}
{"timestamp":"2026-03-31T18:51:50.331Z","level":"info","event":"http_request","method":"GET","path":"/api/admin/tickets?search=&status=in_progress&priority=","statusCode":304,"durationMs":23,"ip":"::1"}
{"timestamp":"2026-03-31T18:51:50.336Z","level":"info","event":"http_request","method":"GET","path":"/api/admin/vault","statusCode":404,"durationMs":5,"ip":"::1"}
{"timestamp":"2026-03-31T18:51:50.339Z","level":"info","event":"http_request","method":"GET","path":"/api/admin/followups","statusCode":304,"durationMs":19,"ip":"::1"}
{"timestamp":"2026-03-31T18:51:50.341Z","level":"info","event":"http_request","method":"GET","path":"/api/admin/consultations","statusCode":304,"durationMs":21,"ip":"::1"}
{"timestamp":"2026-03-31T18:51:50.344Z","level":"info","event":"http_request","method":"GET","path":"/api/admin/referrals","statusCode":304,"durationMs":23,"ip":"::1"}
{"timestamp":"2026-03-31T18:51:50.347Z","level":"info","event":"http_request","method":"GET","path":"/api/admin/addons","statusCode":304,"durationMs":18,"ip":"::1"}
{"timestamp":"2026-03-31T18:51:50.351Z","level":"info","event":"http_request","method":"GET","path":"/api/admin/vault/documents","statusCode":304,"durationMs":6,"ip":"::1"}
{"timestamp":"2026-03-31T18:51:52.415Z","level":"info","event":"http_request","method":"POST","path":"/api/admin/tickets/2/status","statusCode":200,"durationMs":9,"ip":"::1"}
{"timestamp":"2026-03-31T18:51:52.443Z","level":"info","event":"http_request","method":"GET","path":"/api/admin/overview","statusCode":304,"durationMs":4,"ip":"::1"}
{"timestamp":"2026-03-31T18:51:52.471Z","level":"info","event":"http_request","method":"GET","path":"/api/admin/leads","statusCode":304,"durationMs":7,"ip":"::1"}
{"timestamp":"2026-03-31T18:51:52.474Z","level":"info","event":"http_request","method":"GET","path":"/api/admin/tasks","statusCode":304,"durationMs":7,"ip":"::1"}
{"timestamp":"2026-03-31T18:51:52.480Z","level":"info","event":"http_request","method":"GET","path":"/api/admin/workflow-instances","statusCode":304,"durationMs":13,"ip":"::1"}
{"timestamp":"2026-03-31T18:51:52.481Z","level":"info","event":"http_request","method":"GET","path":"/api/admin/clients","statusCode":304,"durationMs":15,"ip":"::1"}
{"timestamp":"2026-03-31T18:51:52.485Z","level":"info","event":"http_request","method":"GET","path":"/api/admin/tickets?search=&status=in_progress&priority=","statusCode":200,"durationMs":18,"ip":"::1"}
{"timestamp":"2026-03-31T18:51:52.487Z","level":"info","event":"http_request","method":"GET","path":"/api/admin/billing/subscriptions","statusCode":304,"durationMs":9,"ip":"::1"}
{"timestamp":"2026-03-31T18:51:52.506Z","level":"info","event":"http_request","method":"GET","path":"/api/admin/billing/plans","statusCode":304,"durationMs":2,"ip":"::1"}
{"timestamp":"2026-03-31T18:51:52.525Z","level":"info","event":"http_request","method":"GET","path":"/api/admin/followups","statusCode":304,"durationMs":9,"ip":"::1"}
{"timestamp":"2026-03-31T18:51:52.528Z","level":"info","event":"http_request","method":"GET","path":"/api/admin/consultations","statusCode":304,"durationMs":11,"ip":"::1"}
{"timestamp":"2026-03-31T18:51:52.530Z","level":"info","event":"http_request","method":"GET","path":"/api/admin/referrals","statusCode":304,"durationMs":12,"ip":"::1"}
{"timestamp":"2026-03-31T18:51:52.532Z","level":"info","event":"http_request","method":"GET","path":"/api/admin/addons","statusCode":304,"durationMs":13,"ip":"::1"}
{"timestamp":"2026-03-31T18:51:52.547Z","level":"info","event":"http_request","method":"GET","path":"/api/admin/vault","statusCode":404,"durationMs":4,"ip":"::1"}
{"timestamp":"2026-03-31T18:51:52.607Z","level":"info","event":"http_request","method":"GET","path":"/api/admin/vault/documents","statusCode":304,"durationMs":3,"ip":"::1"}
{"timestamp":"2026-03-31T18:51:55.680Z","level":"info","event":"http_request","method":"GET","path":"/api/admin/overview","statusCode":304,"durationMs":4,"ip":"::1"}
{"timestamp":"2026-03-31T18:51:55.689Z","level":"info","event":"http_request","method":"GET","path":"/api/admin/leads","statusCode":304,"durationMs":4,"ip":"::1"}
{"timestamp":"2026-03-31T18:51:55.704Z","level":"info","event":"http_request","method":"GET","path":"/api/admin/tasks","statusCode":304,"durationMs":5,"ip":"::1"}
{"timestamp":"2026-03-31T18:51:55.707Z","level":"info","event":"http_request","method":"GET","path":"/api/admin/clients","statusCode":304,"durationMs":10,"ip":"::1"}
{"timestamp":"2026-03-31T18:51:55.712Z","level":"info","event":"http_request","method":"GET","path":"/api/admin/billing/subscriptions","statusCode":304,"durationMs":10,"ip":"::1"}
{"timestamp":"2026-03-31T18:51:55.716Z","level":"info","event":"http_request","method":"GET","path":"/api/admin/billing/plans","statusCode":304,"durationMs":14,"ip":"::1"}
{"timestamp":"2026-03-31T18:51:55.717Z","level":"info","event":"http_request","method":"GET","path":"/api/admin/tickets?search=&status=resolved&priority=","statusCode":200,"durationMs":22,"ip":"::1"}
{"timestamp":"2026-03-31T18:51:55.719Z","level":"info","event":"http_request","method":"GET","path":"/api/admin/workflow-instances","statusCode":304,"durationMs":18,"ip":"::1"}
{"timestamp":"2026-03-31T18:51:55.726Z","level":"info","event":"http_request","method":"GET","path":"/api/admin/vault","statusCode":404,"durationMs":4,"ip":"::1"}
{"timestamp":"2026-03-31T18:51:55.731Z","level":"info","event":"http_request","method":"GET","path":"/api/admin/followups","statusCode":304,"durationMs":20,"ip":"::1"}
{"timestamp":"2026-03-31T18:51:55.733Z","level":"info","event":"http_request","method":"GET","path":"/api/admin/consultations","statusCode":304,"durationMs":20,"ip":"::1"}
{"timestamp":"2026-03-31T18:51:55.737Z","level":"info","event":"http_request","method":"GET","path":"/api/admin/referrals","statusCode":304,"durationMs":17,"ip":"::1"}
{"timestamp":"2026-03-31T18:51:55.740Z","level":"info","event":"http_request","method":"GET","path":"/api/admin/addons","statusCode":304,"durationMs":18,"ip":"::1"}
{"timestamp":"2026-03-31T18:51:55.744Z","level":"info","event":"http_request","method":"GET","path":"/api/admin/vault/documents","statusCode":304,"durationMs":9,"ip":"::1"}
{"timestamp":"2026-03-31T18:51:57.684Z","level":"info","event":"http_request","method":"POST","path":"/api/admin/tickets/1/status","statusCode":200,"durationMs":12,"ip":"::1"}
{"timestamp":"2026-03-31T18:51:57.705Z","level":"info","event":"http_request","method":"GET","path":"/api/admin/overview","statusCode":304,"durationMs":4,"ip":"::1"}
{"timestamp":"2026-03-31T18:51:57.723Z","level":"info","event":"http_request","method":"GET","path":"/api/admin/leads","statusCode":304,"durationMs":8,"ip":"::1"}
{"timestamp":"2026-03-31T18:51:57.731Z","level":"info","event":"http_request","method":"GET","path":"/api/admin/tasks","statusCode":304,"durationMs":16,"ip":"::1"}
{"timestamp":"2026-03-31T18:51:57.738Z","level":"info","event":"http_request","method":"GET","path":"/api/admin/clients","statusCode":304,"durationMs":23,"ip":"::1"}
{"timestamp":"2026-03-31T18:51:57.744Z","level":"info","event":"http_request","method":"GET","path":"/api/admin/workflow-instances","statusCode":304,"durationMs":28,"ip":"::1"}
{"timestamp":"2026-03-31T18:51:57.746Z","level":"info","event":"http_request","method":"GET","path":"/api/admin/billing/subscriptions","statusCode":304,"durationMs":24,"ip":"::1"}
{"timestamp":"2026-03-31T18:51:57.757Z","level":"info","event":"http_request","method":"GET","path":"/api/admin/billing/plans","statusCode":304,"durationMs":23,"ip":"::1"}
{"timestamp":"2026-03-31T18:51:57.759Z","level":"info","event":"http_request","method":"GET","path":"/api/admin/tickets?search=&status=resolved&priority=","statusCode":200,"durationMs":44,"ip":"::1"}
{"timestamp":"2026-03-31T18:51:57.798Z","level":"info","event":"http_request","method":"GET","path":"/api/admin/followups","statusCode":304,"durationMs":63,"ip":"::1"}
{"timestamp":"2026-03-31T18:51:57.802Z","level":"info","event":"http_request","method":"GET","path":"/api/admin/vault","statusCode":404,"durationMs":34,"ip":"::1"}
{"timestamp":"2026-03-31T18:51:57.806Z","level":"info","event":"http_request","method":"GET","path":"/api/admin/consultations","statusCode":304,"durationMs":53,"ip":"::1"}
{"timestamp":"2026-03-31T18:51:57.808Z","level":"info","event":"http_request","method":"GET","path":"/api/admin/referrals","statusCode":304,"durationMs":54,"ip":"::1"}
{"timestamp":"2026-03-31T18:51:57.812Z","level":"info","event":"http_request","method":"GET","path":"/api/admin/addons","statusCode":304,"durationMs":58,"ip":"::1"}
{"timestamp":"2026-03-31T18:51:57.817Z","level":"info","event":"http_request","method":"GET","path":"/api/admin/vault/documents","statusCode":304,"durationMs":6,"ip":"::1"}
{"timestamp":"2026-03-31T18:52:02.824Z","level":"info","event":"http_request","method":"GET","path":"/api/admin/overview","statusCode":304,"durationMs":4,"ip":"::1"}
{"timestamp":"2026-03-31T18:52:02.838Z","level":"info","event":"http_request","method":"GET","path":"/api/admin/leads","statusCode":304,"durationMs":8,"ip":"::1"}
{"timestamp":"2026-03-31T18:52:02.849Z","level":"info","event":"http_request","method":"GET","path":"/api/admin/tasks","statusCode":304,"durationMs":6,"ip":"::1"}
{"timestamp":"2026-03-31T18:52:02.851Z","level":"info","event":"http_request","method":"GET","path":"/api/admin/billing/subscriptions","statusCode":304,"durationMs":5,"ip":"::1"}
{"timestamp":"2026-03-31T18:52:02.856Z","level":"info","event":"http_request","method":"GET","path":"/api/admin/billing/plans","statusCode":304,"durationMs":10,"ip":"::1"}
{"timestamp":"2026-03-31T18:52:02.857Z","level":"info","event":"http_request","method":"GET","path":"/api/admin/clients","statusCode":304,"durationMs":17,"ip":"::1"}
{"timestamp":"2026-03-31T18:52:02.860Z","level":"info","event":"http_request","method":"GET","path":"/api/admin/workflow-instances","statusCode":304,"durationMs":16,"ip":"::1"}
{"timestamp":"2026-03-31T18:52:02.866Z","level":"info","event":"http_request","method":"GET","path":"/api/admin/tickets?search=&status=open&priority=","statusCode":304,"durationMs":23,"ip":"::1"}
{"timestamp":"2026-03-31T18:52:02.872Z","level":"info","event":"http_request","method":"GET","path":"/api/admin/vault","statusCode":404,"durationMs":8,"ip":"::1"}
{"timestamp":"2026-03-31T18:52:02.875Z","level":"info","event":"http_request","method":"GET","path":"/api/admin/followups","statusCode":304,"durationMs":17,"ip":"::1"}
{"timestamp":"2026-03-31T18:52:02.876Z","level":"info","event":"http_request","method":"GET","path":"/api/admin/referrals","statusCode":304,"durationMs":14,"ip":"::1"}
{"timestamp":"2026-03-31T18:52:02.879Z","level":"info","event":"http_request","method":"GET","path":"/api/admin/consultations","statusCode":304,"durationMs":18,"ip":"::1"}
{"timestamp":"2026-03-31T18:52:02.885Z","level":"info","event":"http_request","method":"GET","path":"/api/admin/addons","statusCode":304,"durationMs":21,"ip":"::1"}
{"timestamp":"2026-03-31T18:52:02.889Z","level":"info","event":"http_request","method":"GET","path":"/api/admin/vault/documents","statusCode":304,"durationMs":6,"ip":"::1"}
{"timestamp":"2026-03-31T18:52:05.248Z","level":"info","event":"http_request","method":"POST","path":"/api/admin/tickets/1/status","statusCode":200,"durationMs":8,"ip":"::1"}
{"timestamp":"2026-03-31T18:52:05.271Z","level":"info","event":"http_request","method":"GET","path":"/api/admin/overview","statusCode":304,"durationMs":10,"ip":"::1"}
{"timestamp":"2026-03-31T18:52:05.282Z","level":"info","event":"http_request","method":"GET","path":"/api/admin/leads","statusCode":304,"durationMs":16,"ip":"::1"}
{"timestamp":"2026-03-31T18:52:05.289Z","level":"info","event":"http_request","method":"GET","path":"/api/admin/clients","statusCode":304,"durationMs":23,"ip":"::1"}
{"timestamp":"2026-03-31T18:52:05.293Z","level":"info","event":"http_request","method":"GET","path":"/api/admin/tasks","statusCode":304,"durationMs":13,"ip":"::1"}
{"timestamp":"2026-03-31T18:52:05.296Z","level":"info","event":"http_request","method":"GET","path":"/api/admin/billing/subscriptions","statusCode":304,"durationMs":15,"ip":"::1"}
{"timestamp":"2026-03-31T18:52:05.302Z","level":"info","event":"http_request","method":"GET","path":"/api/admin/billing/plans","statusCode":304,"durationMs":15,"ip":"::1"}
{"timestamp":"2026-03-31T18:52:05.309Z","level":"info","event":"http_request","method":"GET","path":"/api/admin/workflow-instances","statusCode":304,"durationMs":29,"ip":"::1"}
{"timestamp":"2026-03-31T18:52:05.313Z","level":"info","event":"http_request","method":"GET","path":"/api/admin/tickets?search=&status=open&priority=","statusCode":304,"durationMs":42,"ip":"::1"}
{"timestamp":"2026-03-31T18:52:05.325Z","level":"info","event":"http_request","method":"GET","path":"/api/admin/vault","statusCode":404,"durationMs":9,"ip":"::1"}
{"timestamp":"2026-03-31T18:52:05.328Z","level":"info","event":"http_request","method":"GET","path":"/api/admin/followups","statusCode":304,"durationMs":26,"ip":"::1"}
{"timestamp":"2026-03-31T18:52:05.329Z","level":"info","event":"http_request","method":"GET","path":"/api/admin/consultations","statusCode":304,"durationMs":25,"ip":"::1"}
{"timestamp":"2026-03-31T18:52:05.334Z","level":"info","event":"http_request","method":"GET","path":"/api/admin/referrals","statusCode":304,"durationMs":29,"ip":"::1"}
{"timestamp":"2026-03-31T18:52:05.341Z","level":"info","event":"http_request","method":"GET","path":"/api/admin/addons","statusCode":304,"durationMs":31,"ip":"::1"}
{"timestamp":"2026-03-31T18:52:05.344Z","level":"info","event":"http_request","method":"GET","path":"/api/admin/vault/documents","statusCode":304,"durationMs":5,"ip":"::1"}
{"timestamp":"2026-03-31T18:52:08.846Z","level":"info","event":"http_request","method":"POST","path":"/api/admin/tickets/1/status","statusCode":200,"durationMs":8,"ip":"::1"}
{"timestamp":"2026-03-31T18:52:08.866Z","level":"info","event":"http_request","method":"GET","path":"/api/admin/overview","statusCode":304,"durationMs":10,"ip":"::1"}
{"timestamp":"2026-03-31T18:52:08.867Z","level":"info","event":"http_request","method":"GET","path":"/api/admin/leads","statusCode":304,"durationMs":10,"ip":"::1"}
{"timestamp":"2026-03-31T18:52:08.877Z","level":"info","event":"http_request","method":"GET","path":"/api/admin/clients","statusCode":304,"durationMs":15,"ip":"::1"}
{"timestamp":"2026-03-31T18:52:08.882Z","level":"info","event":"http_request","method":"GET","path":"/api/admin/tasks","statusCode":304,"durationMs":11,"ip":"::1"}
{"timestamp":"2026-03-31T18:52:08.885Z","level":"info","event":"http_request","method":"GET","path":"/api/admin/billing/plans","statusCode":304,"durationMs":10,"ip":"::1"}
{"timestamp":"2026-03-31T18:52:08.886Z","level":"info","event":"http_request","method":"GET","path":"/api/admin/billing/subscriptions","statusCode":304,"durationMs":13,"ip":"::1"}
{"timestamp":"2026-03-31T18:52:08.891Z","level":"info","event":"http_request","method":"GET","path":"/api/admin/tickets?search=&status=open&priority=","statusCode":304,"durationMs":28,"ip":"::1"}
{"timestamp":"2026-03-31T18:52:08.892Z","level":"info","event":"http_request","method":"GET","path":"/api/admin/workflow-instances","statusCode":304,"durationMs":21,"ip":"::1"}
{"timestamp":"2026-03-31T18:52:08.902Z","level":"info","event":"http_request","method":"GET","path":"/api/admin/vault","statusCode":404,"durationMs":4,"ip":"::1"}
{"timestamp":"2026-03-31T18:52:08.905Z","level":"info","event":"http_request","method":"GET","path":"/api/admin/followups","statusCode":304,"durationMs":22,"ip":"::1"}
{"timestamp":"2026-03-31T18:52:08.908Z","level":"info","event":"http_request","method":"GET","path":"/api/admin/consultations","statusCode":304,"durationMs":21,"ip":"::1"}
{"timestamp":"2026-03-31T18:52:08.911Z","level":"info","event":"http_request","method":"GET","path":"/api/admin/referrals","statusCode":304,"durationMs":16,"ip":"::1"}
{"timestamp":"2026-03-31T18:52:08.916Z","level":"info","event":"http_request","method":"GET","path":"/api/admin/addons","statusCode":304,"durationMs":18,"ip":"::1"}
{"timestamp":"2026-03-31T18:52:08.919Z","level":"info","event":"http_request","method":"GET","path":"/api/admin/vault/documents","statusCode":304,"durationMs":6,"ip":"::1"}
{"timestamp":"2026-03-31T18:52:10.136Z","level":"info","event":"http_request","method":"POST","path":"/api/admin/tickets/1/status","statusCode":200,"durationMs":10,"ip":"::1"}
{"timestamp":"2026-03-31T18:52:10.153Z","level":"info","event":"http_request","method":"GET","path":"/api/admin/overview","statusCode":304,"durationMs":8,"ip":"::1"}
{"timestamp":"2026-03-31T18:52:10.159Z","level":"info","event":"http_request","method":"GET","path":"/api/admin/leads","statusCode":304,"durationMs":8,"ip":"::1"}
{"timestamp":"2026-03-31T18:52:10.166Z","level":"info","event":"http_request","method":"GET","path":"/api/admin/clients","statusCode":304,"durationMs":15,"ip":"::1"}
{"timestamp":"2026-03-31T18:52:10.171Z","level":"info","event":"http_request","method":"GET","path":"/api/admin/tasks","statusCode":304,"durationMs":8,"ip":"::1"}
{"timestamp":"2026-03-31T18:52:10.172Z","level":"info","event":"http_request","method":"GET","path":"/api/admin/billing/subscriptions","statusCode":304,"durationMs":8,"ip":"::1"}
{"timestamp":"2026-03-31T18:52:10.175Z","level":"info","event":"http_request","method":"GET","path":"/api/admin/tickets?search=&status=open&priority=","statusCode":304,"durationMs":19,"ip":"::1"}
{"timestamp":"2026-03-31T18:52:10.179Z","level":"info","event":"http_request","method":"GET","path":"/api/admin/billing/plans","statusCode":304,"durationMs":14,"ip":"::1"}
{"timestamp":"2026-03-31T18:52:10.181Z","level":"info","event":"http_request","method":"GET","path":"/api/admin/workflow-instances","statusCode":304,"durationMs":18,"ip":"::1"}
{"timestamp":"2026-03-31T18:52:10.189Z","level":"info","event":"http_request","method":"GET","path":"/api/admin/vault","statusCode":404,"durationMs":5,"ip":"::1"}
{"timestamp":"2026-03-31T18:52:10.193Z","level":"info","event":"http_request","method":"GET","path":"/api/admin/followups","statusCode":304,"durationMs":18,"ip":"::1"}
{"timestamp":"2026-03-31T18:52:10.194Z","level":"info","event":"http_request","method":"GET","path":"/api/admin/consultations","statusCode":304,"durationMs":18,"ip":"::1"}
{"timestamp":"2026-03-31T18:52:10.196Z","level":"info","event":"http_request","method":"GET","path":"/api/admin/referrals","statusCode":304,"durationMs":17,"ip":"::1"}
{"timestamp":"2026-03-31T18:52:10.200Z","level":"info","event":"http_request","method":"GET","path":"/api/admin/addons","statusCode":304,"durationMs":17,"ip":"::1"}
{"timestamp":"2026-03-31T18:52:10.206Z","level":"info","event":"http_request","method":"GET","path":"/api/admin/vault/documents","statusCode":304,"durationMs":7,"ip":"::1"}
{"timestamp":"2026-03-31T18:52:10.743Z","level":"info","event":"http_request","method":"POST","path":"/api/admin/tickets/2/status","statusCode":200,"durationMs":9,"ip":"::1"}
{"timestamp":"2026-03-31T18:52:10.756Z","level":"info","event":"http_request","method":"GET","path":"/api/admin/overview","statusCode":304,"durationMs":6,"ip":"::1"}
{"timestamp":"2026-03-31T18:52:10.764Z","level":"info","event":"http_request","method":"GET","path":"/api/admin/leads","statusCode":304,"durationMs":3,"ip":"::1"}
{"timestamp":"2026-03-31T18:52:10.773Z","level":"info","event":"http_request","method":"GET","path":"/api/admin/clients","statusCode":304,"durationMs":12,"ip":"::1"}
{"timestamp":"2026-03-31T18:52:10.780Z","level":"info","event":"http_request","method":"GET","path":"/api/admin/tasks","statusCode":304,"durationMs":10,"ip":"::1"}
{"timestamp":"2026-03-31T18:52:10.784Z","level":"info","event":"http_request","method":"GET","path":"/api/admin/billing/subscriptions","statusCode":304,"durationMs":14,"ip":"::1"}
{"timestamp":"2026-03-31T18:52:10.789Z","level":"info","event":"http_request","method":"GET","path":"/api/admin/billing/plans","statusCode":304,"durationMs":15,"ip":"::1"}
{"timestamp":"2026-03-31T18:52:10.790Z","level":"info","event":"http_request","method":"GET","path":"/api/admin/workflow-instances","statusCode":304,"durationMs":20,"ip":"::1"}
{"timestamp":"2026-03-31T18:52:10.797Z","level":"info","event":"http_request","method":"GET","path":"/api/admin/tickets?search=&status=open&priority=","statusCode":304,"durationMs":30,"ip":"::1"}
{"timestamp":"2026-03-31T18:52:10.804Z","level":"info","event":"http_request","method":"GET","path":"/api/admin/vault","statusCode":404,"durationMs":9,"ip":"::1"}
{"timestamp":"2026-03-31T18:52:10.806Z","level":"info","event":"http_request","method":"GET","path":"/api/admin/followups","statusCode":304,"durationMs":28,"ip":"::1"}
{"timestamp":"2026-03-31T18:52:10.810Z","level":"info","event":"http_request","method":"GET","path":"/api/admin/consultations","statusCode":304,"durationMs":24,"ip":"::1"}
{"timestamp":"2026-03-31T18:52:10.812Z","level":"info","event":"http_request","method":"GET","path":"/api/admin/referrals","statusCode":304,"durationMs":17,"ip":"::1"}
{"timestamp":"2026-03-31T18:52:10.817Z","level":"info","event":"http_request","method":"GET","path":"/api/admin/addons","statusCode":304,"durationMs":22,"ip":"::1"}
{"timestamp":"2026-03-31T18:52:10.820Z","level":"info","event":"http_request","method":"GET","path":"/api/admin/vault/documents","statusCode":304,"durationMs":6,"ip":"::1"}
{"timestamp":"2026-03-31T18:52:12.801Z","level":"info","event":"http_request","method":"GET","path":"/api/admin/overview","statusCode":304,"durationMs":4,"ip":"::1"}
{"timestamp":"2026-03-31T18:52:12.812Z","level":"info","event":"http_request","method":"GET","path":"/api/admin/leads","statusCode":304,"durationMs":5,"ip":"::1"}
{"timestamp":"2026-03-31T18:52:12.826Z","level":"info","event":"http_request","method":"GET","path":"/api/admin/tasks","statusCode":304,"durationMs":6,"ip":"::1"}
{"timestamp":"2026-03-31T18:52:12.828Z","level":"info","event":"http_request","method":"GET","path":"/api/admin/billing/subscriptions","statusCode":304,"durationMs":6,"ip":"::1"}
{"timestamp":"2026-03-31T18:52:12.832Z","level":"info","event":"http_request","method":"GET","path":"/api/admin/billing/plans","statusCode":304,"durationMs":10,"ip":"::1"}
{"timestamp":"2026-03-31T18:52:12.833Z","level":"info","event":"http_request","method":"GET","path":"/api/admin/clients","statusCode":304,"durationMs":15,"ip":"::1"}
{"timestamp":"2026-03-31T18:52:12.837Z","level":"info","event":"http_request","method":"GET","path":"/api/admin/workflow-instances","statusCode":304,"durationMs":17,"ip":"::1"}
{"timestamp":"2026-03-31T18:52:12.842Z","level":"info","event":"http_request","method":"GET","path":"/api/admin/tickets?search=&status=in_progress&priority=","statusCode":304,"durationMs":23,"ip":"::1"}
{"timestamp":"2026-03-31T18:52:12.847Z","level":"info","event":"http_request","method":"GET","path":"/api/admin/vault","statusCode":404,"durationMs":6,"ip":"::1"}
{"timestamp":"2026-03-31T18:52:12.852Z","level":"info","event":"http_request","method":"GET","path":"/api/admin/followups","statusCode":304,"durationMs":20,"ip":"::1"}
{"timestamp":"2026-03-31T18:52:12.856Z","level":"info","event":"http_request","method":"GET","path":"/api/admin/referrals","statusCode":304,"durationMs":15,"ip":"::1"}
{"timestamp":"2026-03-31T18:52:12.857Z","level":"info","event":"http_request","method":"GET","path":"/api/admin/consultations","statusCode":304,"durationMs":19,"ip":"::1"}
{"timestamp":"2026-03-31T18:52:12.861Z","level":"info","event":"http_request","method":"GET","path":"/api/admin/addons","statusCode":304,"durationMs":20,"ip":"::1"}
{"timestamp":"2026-03-31T18:52:12.864Z","level":"info","event":"http_request","method":"GET","path":"/api/admin/vault/documents","statusCode":304,"durationMs":6,"ip":"::1"}
{"timestamp":"2026-03-31T18:52:14.863Z","level":"info","event":"http_request","method":"POST","path":"/api/admin/tickets/1/status","statusCode":200,"durationMs":7,"ip":"::1"}
{"timestamp":"2026-03-31T18:52:14.885Z","level":"info","event":"http_request","method":"GET","path":"/api/admin/overview","statusCode":304,"durationMs":11,"ip":"::1"}
{"timestamp":"2026-03-31T18:52:14.895Z","level":"info","event":"http_request","method":"GET","path":"/api/admin/leads","statusCode":304,"durationMs":8,"ip":"::1"}
{"timestamp":"2026-03-31T18:52:14.904Z","level":"info","event":"http_request","method":"GET","path":"/api/admin/tasks","statusCode":304,"durationMs":12,"ip":"::1"}
{"timestamp":"2026-03-31T18:52:14.911Z","level":"info","event":"http_request","method":"GET","path":"/api/admin/clients","statusCode":304,"durationMs":23,"ip":"::1"}
{"timestamp":"2026-03-31T18:52:14.913Z","level":"info","event":"http_request","method":"GET","path":"/api/admin/billing/subscriptions","statusCode":304,"durationMs":14,"ip":"::1"}
{"timestamp":"2026-03-31T18:52:14.919Z","level":"info","event":"http_request","method":"GET","path":"/api/admin/billing/plans","statusCode":304,"durationMs":17,"ip":"::1"}
{"timestamp":"2026-03-31T18:52:14.924Z","level":"info","event":"http_request","method":"GET","path":"/api/admin/workflow-instances","statusCode":304,"durationMs":32,"ip":"::1"}
{"timestamp":"2026-03-31T18:52:14.929Z","level":"info","event":"http_request","method":"GET","path":"/api/admin/tickets?search=&status=in_progress&priority=","statusCode":304,"durationMs":37,"ip":"::1"}
{"timestamp":"2026-03-31T18:52:14.938Z","level":"info","event":"http_request","method":"GET","path":"/api/admin/vault","statusCode":404,"durationMs":7,"ip":"::1"}
{"timestamp":"2026-03-31T18:52:14.943Z","level":"info","event":"http_request","method":"GET","path":"/api/admin/followups","statusCode":304,"durationMs":27,"ip":"::1"}
{"timestamp":"2026-03-31T18:52:14.950Z","level":"info","event":"http_request","method":"GET","path":"/api/admin/consultations","statusCode":304,"durationMs":30,"ip":"::1"}
{"timestamp":"2026-03-31T18:52:14.951Z","level":"info","event":"http_request","method":"GET","path":"/api/admin/referrals","statusCode":304,"durationMs":26,"ip":"::1"}
{"timestamp":"2026-03-31T18:52:14.958Z","level":"info","event":"http_request","method":"GET","path":"/api/admin/addons","statusCode":304,"durationMs":32,"ip":"::1"}
{"timestamp":"2026-03-31T18:52:14.965Z","level":"info","event":"http_request","method":"GET","path":"/api/admin/vault/documents","statusCode":304,"durationMs":9,"ip":"::1"}
{"timestamp":"2026-03-31T18:52:15.719Z","level":"info","event":"http_request","method":"POST","path":"/api/admin/tickets/2/status","statusCode":200,"durationMs":9,"ip":"::1"}
{"timestamp":"2026-03-31T18:52:15.736Z","level":"info","event":"http_request","method":"GET","path":"/api/admin/overview","statusCode":304,"durationMs":9,"ip":"::1"}
{"timestamp":"2026-03-31T18:52:15.738Z","level":"info","event":"http_request","method":"GET","path":"/api/admin/leads","statusCode":304,"durationMs":10,"ip":"::1"}
{"timestamp":"2026-03-31T18:52:15.747Z","level":"info","event":"http_request","method":"GET","path":"/api/admin/clients","statusCode":304,"durationMs":14,"ip":"::1"}
{"timestamp":"2026-03-31T18:52:15.750Z","level":"info","event":"http_request","method":"GET","path":"/api/admin/tasks","statusCode":304,"durationMs":8,"ip":"::1"}
{"timestamp":"2026-03-31T18:52:15.754Z","level":"info","event":"http_request","method":"GET","path":"/api/admin/billing/subscriptions","statusCode":304,"durationMs":9,"ip":"::1"}
{"timestamp":"2026-03-31T18:52:15.761Z","level":"info","event":"http_request","method":"GET","path":"/api/admin/billing/plans","statusCode":304,"durationMs":15,"ip":"::1"}
{"timestamp":"2026-03-31T18:52:15.762Z","level":"info","event":"http_request","method":"GET","path":"/api/admin/workflow-instances","statusCode":304,"durationMs":20,"ip":"::1"}
{"timestamp":"2026-03-31T18:52:15.764Z","level":"info","event":"http_request","method":"GET","path":"/api/admin/tickets?search=&status=in_progress&priority=","statusCode":304,"durationMs":29,"ip":"::1"}
{"timestamp":"2026-03-31T18:52:15.782Z","level":"info","event":"http_request","method":"GET","path":"/api/admin/followups","statusCode":304,"durationMs":29,"ip":"::1"}
{"timestamp":"2026-03-31T18:52:15.785Z","level":"info","event":"http_request","method":"GET","path":"/api/admin/vault","statusCode":404,"durationMs":13,"ip":"::1"}
{"timestamp":"2026-03-31T18:52:15.789Z","level":"info","event":"http_request","method":"GET","path":"/api/admin/consultations","statusCode":304,"durationMs":29,"ip":"::1"}
{"timestamp":"2026-03-31T18:52:15.792Z","level":"info","event":"http_request","method":"GET","path":"/api/admin/referrals","statusCode":304,"durationMs":27,"ip":"::1"}
{"timestamp":"2026-03-31T18:52:15.796Z","level":"info","event":"http_request","method":"GET","path":"/api/admin/addons","statusCode":304,"durationMs":28,"ip":"::1"}
{"timestamp":"2026-03-31T18:52:15.815Z","level":"info","event":"http_request","method":"GET","path":"/api/admin/vault/documents","statusCode":304,"durationMs":4,"ip":"::1"}
{"timestamp":"2026-03-31T18:52:16.565Z","level":"info","event":"http_request","method":"POST","path":"/api/admin/tickets/1/status","statusCode":200,"durationMs":7,"ip":"::1"}
{"timestamp":"2026-03-31T18:52:16.577Z","level":"info","event":"http_request","method":"GET","path":"/api/admin/overview","statusCode":304,"durationMs":6,"ip":"::1"}
{"timestamp":"2026-03-31T18:52:16.594Z","level":"info","event":"http_request","method":"GET","path":"/api/admin/leads","statusCode":304,"durationMs":4,"ip":"::1"}
{"timestamp":"2026-03-31T18:52:16.600Z","level":"info","event":"http_request","method":"GET","path":"/api/admin/billing/subscriptions","statusCode":304,"durationMs":10,"ip":"::1"}
{"timestamp":"2026-03-31T18:52:16.601Z","level":"info","event":"http_request","method":"GET","path":"/api/admin/tasks","statusCode":304,"durationMs":11,"ip":"::1"}
{"timestamp":"2026-03-31T18:52:16.610Z","level":"info","event":"http_request","method":"GET","path":"/api/admin/workflow-instances","statusCode":304,"durationMs":20,"ip":"::1"}
{"timestamp":"2026-03-31T18:52:16.612Z","level":"info","event":"http_request","method":"GET","path":"/api/admin/clients","statusCode":304,"durationMs":22,"ip":"::1"}
{"timestamp":"2026-03-31T18:52:16.618Z","level":"info","event":"http_request","method":"GET","path":"/api/admin/billing/plans","statusCode":304,"durationMs":15,"ip":"::1"}
{"timestamp":"2026-03-31T18:52:16.619Z","level":"info","event":"http_request","method":"GET","path":"/api/admin/tickets?search=&status=in_progress&priority=","statusCode":304,"durationMs":29,"ip":"::1"}
{"timestamp":"2026-03-31T18:52:16.627Z","level":"info","event":"http_request","method":"GET","path":"/api/admin/followups","statusCode":304,"durationMs":21,"ip":"::1"}
{"timestamp":"2026-03-31T18:52:16.630Z","level":"info","event":"http_request","method":"GET","path":"/api/admin/vault","statusCode":404,"durationMs":8,"ip":"::1"}
{"timestamp":"2026-03-31T18:52:16.631Z","level":"info","event":"http_request","method":"GET","path":"/api/admin/consultations","statusCode":304,"durationMs":25,"ip":"::1"}
{"timestamp":"2026-03-31T18:52:16.635Z","level":"info","event":"http_request","method":"GET","path":"/api/admin/referrals","statusCode":304,"durationMs":19,"ip":"::1"}
{"timestamp":"2026-03-31T18:52:16.639Z","level":"info","event":"http_request","method":"GET","path":"/api/admin/addons","statusCode":304,"durationMs":23,"ip":"::1"}
{"timestamp":"2026-03-31T18:52:16.644Z","level":"info","event":"http_request","method":"GET","path":"/api/admin/vault/documents","statusCode":304,"durationMs":7,"ip":"::1"}
{"timestamp":"2026-03-31T18:52:17.311Z","level":"info","event":"http_request","method":"POST","path":"/api/admin/tickets/2/status","statusCode":200,"durationMs":9,"ip":"::1"}
{"timestamp":"2026-03-31T18:52:17.330Z","level":"info","event":"http_request","method":"GET","path":"/api/admin/overview","statusCode":304,"durationMs":10,"ip":"::1"}
{"timestamp":"2026-03-31T18:52:17.332Z","level":"info","event":"http_request","method":"GET","path":"/api/admin/leads","statusCode":304,"durationMs":11,"ip":"::1"}
{"timestamp":"2026-03-31T18:52:17.343Z","level":"info","event":"http_request","method":"GET","path":"/api/admin/clients","statusCode":304,"durationMs":17,"ip":"::1"}
{"timestamp":"2026-03-31T18:52:17.346Z","level":"info","event":"http_request","method":"GET","path":"/api/admin/tasks","statusCode":304,"durationMs":10,"ip":"::1"}
{"timestamp":"2026-03-31T18:52:17.350Z","level":"info","event":"http_request","method":"GET","path":"/api/admin/billing/subscriptions","statusCode":304,"durationMs":9,"ip":"::1"}
{"timestamp":"2026-03-31T18:52:17.352Z","level":"info","event":"http_request","method":"GET","path":"/api/admin/billing/plans","statusCode":304,"durationMs":11,"ip":"::1"}
{"timestamp":"2026-03-31T18:52:17.362Z","level":"info","event":"http_request","method":"GET","path":"/api/admin/workflow-instances","statusCode":304,"durationMs":21,"ip":"::1"}
{"timestamp":"2026-03-31T18:52:17.367Z","level":"info","event":"http_request","method":"GET","path":"/api/admin/tickets?search=&status=in_progress&priority=","statusCode":304,"durationMs":32,"ip":"::1"}
{"timestamp":"2026-03-31T18:52:17.377Z","level":"info","event":"http_request","method":"GET","path":"/api/admin/vault","statusCode":404,"durationMs":5,"ip":"::1"}
{"timestamp":"2026-03-31T18:52:17.382Z","level":"info","event":"http_request","method":"GET","path":"/api/admin/followups","statusCode":304,"durationMs":26,"ip":"::1"}
{"timestamp":"2026-03-31T18:52:17.387Z","level":"info","event":"http_request","method":"GET","path":"/api/admin/consultations","statusCode":304,"durationMs":31,"ip":"::1"}
{"timestamp":"2026-03-31T18:52:17.391Z","level":"info","event":"http_request","method":"GET","path":"/api/admin/referrals","statusCode":304,"durationMs":32,"ip":"::1"}
{"timestamp":"2026-03-31T18:52:17.395Z","level":"info","event":"http_request","method":"GET","path":"/api/admin/addons","statusCode":304,"durationMs":35,"ip":"::1"}
{"timestamp":"2026-03-31T18:52:17.399Z","level":"info","event":"http_request","method":"GET","path":"/api/admin/vault/documents","statusCode":304,"durationMs":7,"ip":"::1"}
{"timestamp":"2026-03-31T18:52:19.665Z","level":"info","event":"http_request","method":"GET","path":"/api/admin/overview","statusCode":304,"durationMs":5,"ip":"::1"}
{"timestamp":"2026-03-31T18:52:19.670Z","level":"info","event":"http_request","method":"GET","path":"/api/admin/leads","statusCode":304,"durationMs":2,"ip":"::1"}
{"timestamp":"2026-03-31T18:52:19.689Z","level":"info","event":"http_request","method":"GET","path":"/api/admin/tasks","statusCode":304,"durationMs":6,"ip":"::1"}
{"timestamp":"2026-03-31T18:52:19.692Z","level":"info","event":"http_request","method":"GET","path":"/api/admin/clients","statusCode":304,"durationMs":12,"ip":"::1"}
{"timestamp":"2026-03-31T18:52:19.693Z","level":"info","event":"http_request","method":"GET","path":"/api/admin/billing/plans","statusCode":304,"durationMs":10,"ip":"::1"}
{"timestamp":"2026-03-31T18:52:19.697Z","level":"info","event":"http_request","method":"GET","path":"/api/admin/billing/subscriptions","statusCode":304,"durationMs":14,"ip":"::1"}
{"timestamp":"2026-03-31T18:52:19.703Z","level":"info","event":"http_request","method":"GET","path":"/api/admin/workflow-instances","statusCode":304,"durationMs":20,"ip":"::1"}
{"timestamp":"2026-03-31T18:52:19.704Z","level":"info","event":"http_request","method":"GET","path":"/api/admin/tickets?search=&status=resolved&priority=","statusCode":304,"durationMs":23,"ip":"::1"}
{"timestamp":"2026-03-31T18:52:19.711Z","level":"info","event":"http_request","method":"GET","path":"/api/admin/vault","statusCode":404,"durationMs":4,"ip":"::1"}
{"timestamp":"2026-03-31T18:52:19.715Z","level":"info","event":"http_request","method":"GET","path":"/api/admin/followups","statusCode":304,"durationMs":15,"ip":"::1"}
{"timestamp":"2026-03-31T18:52:19.719Z","level":"info","event":"http_request","method":"GET","path":"/api/admin/consultations","statusCode":304,"durationMs":18,"ip":"::1"}
{"timestamp":"2026-03-31T18:52:19.720Z","level":"info","event":"http_request","method":"GET","path":"/api/admin/referrals","statusCode":304,"durationMs":19,"ip":"::1"}
{"timestamp":"2026-03-31T18:52:19.724Z","level":"info","event":"http_request","method":"GET","path":"/api/admin/addons","statusCode":304,"durationMs":21,"ip":"::1"}
{"timestamp":"2026-03-31T18:52:19.728Z","level":"info","event":"http_request","method":"GET","path":"/api/admin/vault/documents","statusCode":304,"durationMs":6,"ip":"::1"}
{"timestamp":"2026-03-31T18:52:21.556Z","level":"info","event":"http_request","method":"GET","path":"/api/admin/overview","statusCode":304,"durationMs":8,"ip":"::1"}
{"timestamp":"2026-03-31T18:52:21.563Z","level":"info","event":"http_request","method":"GET","path":"/api/admin/leads","statusCode":304,"durationMs":5,"ip":"::1"}
{"timestamp":"2026-03-31T18:52:21.576Z","level":"info","event":"http_request","method":"GET","path":"/api/admin/tasks","statusCode":304,"durationMs":4,"ip":"::1"}
{"timestamp":"2026-03-31T18:52:21.579Z","level":"info","event":"http_request","method":"GET","path":"/api/admin/clients","statusCode":304,"durationMs":10,"ip":"::1"}
{"timestamp":"2026-03-31T18:52:21.582Z","level":"info","event":"http_request","method":"GET","path":"/api/admin/billing/plans","statusCode":304,"durationMs":10,"ip":"::1"}
{"timestamp":"2026-03-31T18:52:21.584Z","level":"info","event":"http_request","method":"GET","path":"/api/admin/billing/subscriptions","statusCode":304,"durationMs":12,"ip":"::1"}
{"timestamp":"2026-03-31T18:52:21.590Z","level":"info","event":"http_request","method":"GET","path":"/api/admin/tickets?search=&status=closed&priority=","statusCode":200,"durationMs":20,"ip":"::1"}
{"timestamp":"2026-03-31T18:52:21.591Z","level":"info","event":"http_request","method":"GET","path":"/api/admin/workflow-instances","statusCode":304,"durationMs":19,"ip":"::1"}
{"timestamp":"2026-03-31T18:52:21.598Z","level":"info","event":"http_request","method":"GET","path":"/api/admin/vault","statusCode":404,"durationMs":4,"ip":"::1"}
{"timestamp":"2026-03-31T18:52:21.601Z","level":"info","event":"http_request","method":"GET","path":"/api/admin/followups","statusCode":304,"durationMs":14,"ip":"::1"}
{"timestamp":"2026-03-31T18:52:21.604Z","level":"info","event":"http_request","method":"GET","path":"/api/admin/referrals","statusCode":304,"durationMs":17,"ip":"::1"}
{"timestamp":"2026-03-31T18:52:21.605Z","level":"info","event":"http_request","method":"GET","path":"/api/admin/consultations","statusCode":304,"durationMs":18,"ip":"::1"}
{"timestamp":"2026-03-31T18:52:21.610Z","level":"info","event":"http_request","method":"GET","path":"/api/admin/addons","statusCode":304,"durationMs":20,"ip":"::1"}
{"timestamp":"2026-03-31T18:52:21.616Z","level":"info","event":"http_request","method":"GET","path":"/api/admin/vault/documents","statusCode":304,"durationMs":8,"ip":"::1"}
{"timestamp":"2026-03-31T18:52:27.627Z","level":"info","event":"http_request","method":"GET","path":"/api/admin/overview","statusCode":304,"durationMs":5,"ip":"::1"}
{"timestamp":"2026-03-31T18:52:27.632Z","level":"info","event":"http_request","method":"GET","path":"/api/admin/leads","statusCode":304,"durationMs":3,"ip":"::1"}
{"timestamp":"2026-03-31T18:52:27.650Z","level":"info","event":"http_request","method":"GET","path":"/api/admin/tasks","statusCode":304,"durationMs":7,"ip":"::1"}
{"timestamp":"2026-03-31T18:52:27.653Z","level":"info","event":"http_request","method":"GET","path":"/api/admin/billing/subscriptions","statusCode":304,"durationMs":7,"ip":"::1"}
{"timestamp":"2026-03-31T18:52:27.654Z","level":"info","event":"http_request","method":"GET","path":"/api/admin/billing/plans","statusCode":304,"durationMs":8,"ip":"::1"}
{"timestamp":"2026-03-31T18:52:27.656Z","level":"info","event":"http_request","method":"GET","path":"/api/admin/clients","statusCode":304,"durationMs":18,"ip":"::1"}
{"timestamp":"2026-03-31T18:52:27.664Z","level":"info","event":"http_request","method":"GET","path":"/api/admin/tickets?search=&status=open&priority=","statusCode":304,"durationMs":24,"ip":"::1"}
{"timestamp":"2026-03-31T18:52:27.666Z","level":"info","event":"http_request","method":"GET","path":"/api/admin/workflow-instances","statusCode":304,"durationMs":21,"ip":"::1"}
{"timestamp":"2026-03-31T18:52:27.675Z","level":"info","event":"http_request","method":"GET","path":"/api/admin/vault","statusCode":404,"durationMs":7,"ip":"::1"}
{"timestamp":"2026-03-31T18:52:27.678Z","level":"info","event":"http_request","method":"GET","path":"/api/admin/followups","statusCode":304,"durationMs":18,"ip":"::1"}
{"timestamp":"2026-03-31T18:52:27.681Z","level":"info","event":"http_request","method":"GET","path":"/api/admin/consultations","statusCode":304,"durationMs":20,"ip":"::1"}
{"timestamp":"2026-03-31T18:52:27.682Z","level":"info","event":"http_request","method":"GET","path":"/api/admin/referrals","statusCode":304,"durationMs":20,"ip":"::1"}
{"timestamp":"2026-03-31T18:52:27.686Z","level":"info","event":"http_request","method":"GET","path":"/api/admin/addons","statusCode":304,"durationMs":24,"ip":"::1"}
{"timestamp":"2026-03-31T18:52:27.691Z","level":"info","event":"http_request","method":"GET","path":"/api/admin/vault/documents","statusCode":304,"durationMs":7,"ip":"::1"}
{"timestamp":"2026-03-31T18:52:31.679Z","level":"info","event":"http_request","method":"POST","path":"/api/admin/tickets/1/status","statusCode":200,"durationMs":8,"ip":"::1"}
{"timestamp":"2026-03-31T18:52:31.705Z","level":"info","event":"http_request","method":"GET","path":"/api/admin/overview","statusCode":304,"durationMs":13,"ip":"::1"}
{"timestamp":"2026-03-31T18:52:31.707Z","level":"info","event":"http_request","method":"GET","path":"/api/admin/leads","statusCode":304,"durationMs":12,"ip":"::1"}
{"timestamp":"2026-03-31T18:52:31.719Z","level":"info","event":"http_request","method":"GET","path":"/api/admin/clients","statusCode":304,"durationMs":25,"ip":"::1"}
{"timestamp":"2026-03-31T18:52:31.721Z","level":"info","event":"http_request","method":"GET","path":"/api/admin/tasks","statusCode":304,"durationMs":10,"ip":"::1"}
{"timestamp":"2026-03-31T18:52:31.730Z","level":"info","event":"http_request","method":"GET","path":"/api/admin/tickets?search=&status=open&priority=","statusCode":304,"durationMs":31,"ip":"::1"}
{"timestamp":"2026-03-31T18:52:31.736Z","level":"info","event":"http_request","method":"GET","path":"/api/admin/billing/subscriptions","statusCode":304,"durationMs":22,"ip":"::1"}
{"timestamp":"2026-03-31T18:52:31.743Z","level":"info","event":"http_request","method":"GET","path":"/api/admin/workflow-instances","statusCode":304,"durationMs":31,"ip":"::1"}
{"timestamp":"2026-03-31T18:52:31.748Z","level":"info","event":"http_request","method":"GET","path":"/api/admin/billing/plans","statusCode":304,"durationMs":16,"ip":"::1"}
{"timestamp":"2026-03-31T18:52:31.758Z","level":"info","event":"http_request","method":"GET","path":"/api/admin/vault","statusCode":404,"durationMs":6,"ip":"::1"}
{"timestamp":"2026-03-31T18:52:31.761Z","level":"info","event":"http_request","method":"GET","path":"/api/admin/followups","statusCode":304,"durationMs":29,"ip":"::1"}
{"timestamp":"2026-03-31T18:52:31.767Z","level":"info","event":"http_request","method":"GET","path":"/api/admin/consultations","statusCode":304,"durationMs":35,"ip":"::1"}
{"timestamp":"2026-03-31T18:52:31.770Z","level":"info","event":"http_request","method":"GET","path":"/api/admin/referrals","statusCode":304,"durationMs":29,"ip":"::1"}
{"timestamp":"2026-03-31T18:52:31.774Z","level":"info","event":"http_request","method":"GET","path":"/api/admin/addons","statusCode":304,"durationMs":29,"ip":"::1"}
{"timestamp":"2026-03-31T18:52:31.779Z","level":"info","event":"http_request","method":"GET","path":"/api/admin/vault/documents","statusCode":304,"durationMs":8,"ip":"::1"}
{"timestamp":"2026-03-31T18:52:32.613Z","level":"info","event":"http_request","method":"POST","path":"/api/admin/tickets/1/status","statusCode":200,"durationMs":7,"ip":"::1"}
{"timestamp":"2026-03-31T18:52:32.632Z","level":"info","event":"http_request","method":"GET","path":"/api/admin/overview","statusCode":304,"durationMs":11,"ip":"::1"}
{"timestamp":"2026-03-31T18:52:32.634Z","level":"info","event":"http_request","method":"GET","path":"/api/admin/leads","statusCode":304,"durationMs":12,"ip":"::1"}
{"timestamp":"2026-03-31T18:52:32.642Z","level":"info","event":"http_request","method":"GET","path":"/api/admin/tasks","statusCode":304,"durationMs":12,"ip":"::1"}
{"timestamp":"2026-03-31T18:52:32.647Z","level":"info","event":"http_request","method":"GET","path":"/api/admin/clients","statusCode":304,"durationMs":20,"ip":"::1"}
{"timestamp":"2026-03-31T18:52:32.650Z","level":"info","event":"http_request","method":"GET","path":"/api/admin/billing/subscriptions","statusCode":304,"durationMs":11,"ip":"::1"}
{"timestamp":"2026-03-31T18:52:32.653Z","level":"info","event":"http_request","method":"GET","path":"/api/admin/billing/plans","statusCode":304,"durationMs":12,"ip":"::1"}
{"timestamp":"2026-03-31T18:52:32.658Z","level":"info","event":"http_request","method":"GET","path":"/api/admin/workflow-instances","statusCode":304,"durationMs":20,"ip":"::1"}
{"timestamp":"2026-03-31T18:52:32.659Z","level":"info","event":"http_request","method":"GET","path":"/api/admin/tickets?search=&status=open&priority=","statusCode":304,"durationMs":29,"ip":"::1"}
{"timestamp":"2026-03-31T18:52:32.666Z","level":"info","event":"http_request","method":"GET","path":"/api/admin/vault","statusCode":404,"durationMs":4,"ip":"::1"}
{"timestamp":"2026-03-31T18:52:32.669Z","level":"info","event":"http_request","method":"GET","path":"/api/admin/followups","statusCode":304,"durationMs":21,"ip":"::1"}
{"timestamp":"2026-03-31T18:52:32.672Z","level":"info","event":"http_request","method":"GET","path":"/api/admin/consultations","statusCode":304,"durationMs":21,"ip":"::1"}
{"timestamp":"2026-03-31T18:52:32.675Z","level":"info","event":"http_request","method":"GET","path":"/api/admin/referrals","statusCode":304,"durationMs":21,"ip":"::1"}
{"timestamp":"2026-03-31T18:52:32.680Z","level":"info","event":"http_request","method":"GET","path":"/api/admin/addons","statusCode":304,"durationMs":19,"ip":"::1"}
{"timestamp":"2026-03-31T18:52:32.683Z","level":"info","event":"http_request","method":"GET","path":"/api/admin/vault/documents","statusCode":304,"durationMs":5,"ip":"::1"}
{"timestamp":"2026-03-31T18:52:33.630Z","level":"info","event":"http_request","method":"POST","path":"/api/admin/tickets/2/status","statusCode":200,"durationMs":9,"ip":"::1"}
{"timestamp":"2026-03-31T18:52:33.647Z","level":"info","event":"http_request","method":"GET","path":"/api/admin/overview","statusCode":304,"durationMs":9,"ip":"::1"}
{"timestamp":"2026-03-31T18:52:33.654Z","level":"info","event":"http_request","method":"GET","path":"/api/admin/leads","statusCode":304,"durationMs":10,"ip":"::1"}
{"timestamp":"2026-03-31T18:52:33.662Z","level":"info","event":"http_request","method":"GET","path":"/api/admin/tasks","statusCode":304,"durationMs":11,"ip":"::1"}
{"timestamp":"2026-03-31T18:52:33.664Z","level":"info","event":"http_request","method":"GET","path":"/api/admin/clients","statusCode":304,"durationMs":14,"ip":"::1"}
{"timestamp":"2026-03-31T18:52:33.670Z","level":"info","event":"http_request","method":"GET","path":"/api/admin/billing/subscriptions","statusCode":304,"durationMs":12,"ip":"::1"}
{"timestamp":"2026-03-31T18:52:33.675Z","level":"info","event":"http_request","method":"GET","path":"/api/admin/billing/plans","statusCode":304,"durationMs":14,"ip":"::1"}
{"timestamp":"2026-03-31T18:52:33.683Z","level":"info","event":"http_request","method":"GET","path":"/api/admin/tickets?search=&status=open&priority=","statusCode":304,"durationMs":32,"ip":"::1"}
{"timestamp":"2026-03-31T18:52:33.685Z","level":"info","event":"http_request","method":"GET","path":"/api/admin/workflow-instances","statusCode":304,"durationMs":27,"ip":"::1"}
{"timestamp":"2026-03-31T18:52:33.695Z","level":"info","event":"http_request","method":"GET","path":"/api/admin/vault","statusCode":404,"durationMs":5,"ip":"::1"}
{"timestamp":"2026-03-31T18:52:33.704Z","level":"info","event":"http_request","method":"GET","path":"/api/admin/followups","statusCode":304,"durationMs":34,"ip":"::1"}
{"timestamp":"2026-03-31T18:52:33.709Z","level":"info","event":"http_request","method":"GET","path":"/api/admin/consultations","statusCode":304,"durationMs":38,"ip":"::1"}
{"timestamp":"2026-03-31T18:52:33.710Z","level":"info","event":"http_request","method":"GET","path":"/api/admin/referrals","statusCode":304,"durationMs":32,"ip":"::1"}
{"timestamp":"2026-03-31T18:52:33.715Z","level":"info","event":"http_request","method":"GET","path":"/api/admin/addons","statusCode":304,"durationMs":27,"ip":"::1"}
{"timestamp":"2026-03-31T18:52:33.718Z","level":"info","event":"http_request","method":"GET","path":"/api/admin/vault/documents","statusCode":304,"durationMs":4,"ip":"::1"}
{"timestamp":"2026-03-31T18:52:43.369Z","level":"info","event":"http_request","method":"GET","path":"/api/admin/overview","statusCode":304,"durationMs":4,"ip":"::1"}
{"timestamp":"2026-03-31T18:52:43.375Z","level":"info","event":"http_request","method":"GET","path":"/api/admin/leads","statusCode":304,"durationMs":2,"ip":"::1"}
{"timestamp":"2026-03-31T18:52:43.393Z","level":"info","event":"http_request","method":"GET","path":"/api/admin/tasks","statusCode":304,"durationMs":6,"ip":"::1"}
{"timestamp":"2026-03-31T18:52:43.394Z","level":"info","event":"http_request","method":"GET","path":"/api/admin/billing/subscriptions","statusCode":304,"durationMs":7,"ip":"::1"}
{"timestamp":"2026-03-31T18:52:43.398Z","level":"info","event":"http_request","method":"GET","path":"/api/admin/clients","statusCode":304,"durationMs":17,"ip":"::1"}
{"timestamp":"2026-03-31T18:52:43.401Z","level":"info","event":"http_request","method":"GET","path":"/api/admin/billing/plans","statusCode":304,"durationMs":12,"ip":"::1"}
{"timestamp":"2026-03-31T18:52:43.405Z","level":"info","event":"http_request","method":"GET","path":"/api/admin/workflow-instances","statusCode":304,"durationMs":18,"ip":"::1"}
{"timestamp":"2026-03-31T18:52:43.408Z","level":"info","event":"http_request","method":"GET","path":"/api/admin/tickets?search=&status=in_progress&priority=","statusCode":304,"durationMs":26,"ip":"::1"}
{"timestamp":"2026-03-31T18:52:43.416Z","level":"info","event":"http_request","method":"GET","path":"/api/admin/vault","statusCode":404,"durationMs":7,"ip":"::1"}
{"timestamp":"2026-03-31T18:52:43.419Z","level":"info","event":"http_request","method":"GET","path":"/api/admin/followups","statusCode":304,"durationMs":17,"ip":"::1"}
{"timestamp":"2026-03-31T18:52:43.422Z","level":"info","event":"http_request","method":"GET","path":"/api/admin/consultations","statusCode":304,"durationMs":17,"ip":"::1"}
{"timestamp":"2026-03-31T18:52:43.425Z","level":"info","event":"http_request","method":"GET","path":"/api/admin/referrals","statusCode":304,"durationMs":19,"ip":"::1"}
{"timestamp":"2026-03-31T18:52:43.429Z","level":"info","event":"http_request","method":"GET","path":"/api/admin/addons","statusCode":304,"durationMs":23,"ip":"::1"}
{"timestamp":"2026-03-31T18:52:43.433Z","level":"info","event":"http_request","method":"GET","path":"/api/admin/vault/documents","statusCode":304,"durationMs":7,"ip":"::1"}
{"timestamp":"2026-03-31T18:52:46.138Z","level":"info","event":"http_request","method":"GET","path":"/api/admin/overview","statusCode":304,"durationMs":6,"ip":"::1"}
{"timestamp":"2026-03-31T18:52:46.148Z","level":"info","event":"http_request","method":"GET","path":"/api/admin/leads","statusCode":304,"durationMs":7,"ip":"::1"}
{"timestamp":"2026-03-31T18:52:46.162Z","level":"info","event":"http_request","method":"GET","path":"/api/admin/billing/subscriptions","statusCode":304,"durationMs":6,"ip":"::1"}
{"timestamp":"2026-03-31T18:52:46.163Z","level":"info","event":"http_request","method":"GET","path":"/api/admin/tasks","statusCode":304,"durationMs":8,"ip":"::1"}
{"timestamp":"2026-03-31T18:52:46.166Z","level":"info","event":"http_request","method":"GET","path":"/api/admin/clients","statusCode":304,"durationMs":13,"ip":"::1"}
{"timestamp":"2026-03-31T18:52:46.167Z","level":"info","event":"http_request","method":"GET","path":"/api/admin/billing/plans","statusCode":304,"durationMs":9,"ip":"::1"}
{"timestamp":"2026-03-31T18:52:46.173Z","level":"info","event":"http_request","method":"GET","path":"/api/admin/workflow-instances","statusCode":304,"durationMs":17,"ip":"::1"}
{"timestamp":"2026-03-31T18:52:46.178Z","level":"info","event":"http_request","method":"GET","path":"/api/admin/tickets?search=&status=resolved&priority=","statusCode":304,"durationMs":24,"ip":"::1"}
{"timestamp":"2026-03-31T18:52:46.185Z","level":"info","event":"http_request","method":"GET","path":"/api/admin/vault","statusCode":404,"durationMs":8,"ip":"::1"}
{"timestamp":"2026-03-31T18:52:46.188Z","level":"info","event":"http_request","method":"GET","path":"/api/admin/followups","statusCode":304,"durationMs":19,"ip":"::1"}
{"timestamp":"2026-03-31T18:52:46.191Z","level":"info","event":"http_request","method":"GET","path":"/api/admin/consultations","statusCode":304,"durationMs":18,"ip":"::1"}
{"timestamp":"2026-03-31T18:52:46.192Z","level":"info","event":"http_request","method":"GET","path":"/api/admin/referrals","statusCode":304,"durationMs":18,"ip":"::1"}
{"timestamp":"2026-03-31T18:52:46.196Z","level":"info","event":"http_request","method":"GET","path":"/api/admin/addons","statusCode":304,"durationMs":22,"ip":"::1"}
{"timestamp":"2026-03-31T18:52:46.200Z","level":"info","event":"http_request","method":"GET","path":"/api/admin/vault/documents","statusCode":304,"durationMs":6,"ip":"::1"}
{"timestamp":"2026-03-31T18:52:47.809Z","level":"info","event":"http_request","method":"GET","path":"/api/admin/overview","statusCode":304,"durationMs":6,"ip":"::1"}
{"timestamp":"2026-03-31T18:52:47.813Z","level":"info","event":"http_request","method":"GET","path":"/api/admin/leads","statusCode":304,"durationMs":5,"ip":"::1"}
{"timestamp":"2026-03-31T18:52:47.832Z","level":"info","event":"http_request","method":"GET","path":"/api/admin/tasks","statusCode":304,"durationMs":4,"ip":"::1"}
{"timestamp":"2026-03-31T18:52:47.835Z","level":"info","event":"http_request","method":"GET","path":"/api/admin/clients","statusCode":304,"durationMs":10,"ip":"::1"}
{"timestamp":"2026-03-31T18:52:47.837Z","level":"info","event":"http_request","method":"GET","path":"/api/admin/billing/subscriptions","statusCode":304,"durationMs":8,"ip":"::1"}
{"timestamp":"2026-03-31T18:52:47.842Z","level":"info","event":"http_request","method":"GET","path":"/api/admin/billing/plans","statusCode":304,"durationMs":11,"ip":"::1"}
{"timestamp":"2026-03-31T18:52:47.843Z","level":"info","event":"http_request","method":"GET","path":"/api/admin/workflow-instances","statusCode":304,"durationMs":14,"ip":"::1"}
{"timestamp":"2026-03-31T18:52:47.850Z","level":"info","event":"http_request","method":"GET","path":"/api/admin/tickets?search=&status=closed&priority=","statusCode":200,"durationMs":24,"ip":"::1"}
{"timestamp":"2026-03-31T18:52:47.856Z","level":"info","event":"http_request","method":"GET","path":"/api/admin/vault","statusCode":404,"durationMs":4,"ip":"::1"}
{"timestamp":"2026-03-31T18:52:47.859Z","level":"info","event":"http_request","method":"GET","path":"/api/admin/followups","statusCode":304,"durationMs":19,"ip":"::1"}
{"timestamp":"2026-03-31T18:52:47.861Z","level":"info","event":"http_request","method":"GET","path":"/api/admin/consultations","statusCode":304,"durationMs":21,"ip":"::1"}
{"timestamp":"2026-03-31T18:52:47.864Z","level":"info","event":"http_request","method":"GET","path":"/api/admin/referrals","statusCode":304,"durationMs":15,"ip":"::1"}
{"timestamp":"2026-03-31T18:52:47.868Z","level":"info","event":"http_request","method":"GET","path":"/api/admin/addons","statusCode":304,"durationMs":17,"ip":"::1"}
{"timestamp":"2026-03-31T18:52:47.872Z","level":"info","event":"http_request","method":"GET","path":"/api/admin/vault/documents","statusCode":304,"durationMs":7,"ip":"::1"}
{"timestamp":"2026-03-31T18:52:49.802Z","level":"info","event":"http_request","method":"GET","path":"/api/admin/overview","statusCode":304,"durationMs":4,"ip":"::1"}
{"timestamp":"2026-03-31T18:52:49.807Z","level":"info","event":"http_request","method":"GET","path":"/api/admin/leads","statusCode":304,"durationMs":2,"ip":"::1"}
{"timestamp":"2026-03-31T18:52:49.827Z","level":"info","event":"http_request","method":"GET","path":"/api/admin/tasks","statusCode":304,"durationMs":5,"ip":"::1"}
{"timestamp":"2026-03-31T18:52:49.829Z","level":"info","event":"http_request","method":"GET","path":"/api/admin/billing/subscriptions","statusCode":304,"durationMs":7,"ip":"::1"}
{"timestamp":"2026-03-31T18:52:49.833Z","level":"info","event":"http_request","method":"GET","path":"/api/admin/billing/plans","statusCode":304,"durationMs":8,"ip":"::1"}
{"timestamp":"2026-03-31T18:52:49.842Z","level":"info","event":"http_request","method":"GET","path":"/api/admin/clients","statusCode":304,"durationMs":23,"ip":"::1"}
{"timestamp":"2026-03-31T18:52:49.843Z","level":"info","event":"http_request","method":"GET","path":"/api/admin/workflow-instances","statusCode":304,"durationMs":21,"ip":"::1"}
{"timestamp":"2026-03-31T18:52:49.850Z","level":"info","event":"http_request","method":"GET","path":"/api/admin/tickets?search=&status=&priority=","statusCode":200,"durationMs":28,"ip":"::1"}
{"timestamp":"2026-03-31T18:52:49.856Z","level":"info","event":"http_request","method":"GET","path":"/api/admin/vault","statusCode":404,"durationMs":4,"ip":"::1"}
{"timestamp":"2026-03-31T18:52:49.860Z","level":"info","event":"http_request","method":"GET","path":"/api/admin/followups","statusCode":304,"durationMs":20,"ip":"::1"}
{"timestamp":"2026-03-31T18:52:49.861Z","level":"info","event":"http_request","method":"GET","path":"/api/admin/consultations","statusCode":304,"durationMs":21,"ip":"::1"}
{"timestamp":"2026-03-31T18:52:49.864Z","level":"info","event":"http_request","method":"GET","path":"/api/admin/referrals","statusCode":304,"durationMs":20,"ip":"::1"}
{"timestamp":"2026-03-31T18:52:49.869Z","level":"info","event":"http_request","method":"GET","path":"/api/admin/addons","statusCode":304,"durationMs":21,"ip":"::1"}
{"timestamp":"2026-03-31T18:52:49.872Z","level":"info","event":"http_request","method":"GET","path":"/api/admin/vault/documents","statusCode":304,"durationMs":7,"ip":"::1"}
{"timestamp":"2026-03-31T18:52:53.229Z","level":"info","event":"http_request","method":"GET","path":"/api/admin/overview","statusCode":304,"durationMs":10,"ip":"::1"}
{"timestamp":"2026-03-31T18:52:53.247Z","level":"info","event":"http_request","method":"GET","path":"/api/admin/leads","statusCode":304,"durationMs":6,"ip":"::1"}
{"timestamp":"2026-03-31T18:52:53.253Z","level":"info","event":"http_request","method":"GET","path":"/api/admin/tasks","statusCode":304,"durationMs":8,"ip":"::1"}
{"timestamp":"2026-03-31T18:52:53.257Z","level":"info","event":"http_request","method":"GET","path":"/api/admin/clients","statusCode":304,"durationMs":13,"ip":"::1"}
{"timestamp":"2026-03-31T18:52:53.260Z","level":"info","event":"http_request","method":"GET","path":"/api/admin/billing/subscriptions","statusCode":304,"durationMs":11,"ip":"::1"}
{"timestamp":"2026-03-31T18:52:53.265Z","level":"info","event":"http_request","method":"GET","path":"/api/admin/billing/plans","statusCode":304,"durationMs":14,"ip":"::1"}
{"timestamp":"2026-03-31T18:52:53.266Z","level":"info","event":"http_request","method":"GET","path":"/api/admin/workflow-instances","statusCode":304,"durationMs":21,"ip":"::1"}
{"timestamp":"2026-03-31T18:52:53.272Z","level":"info","event":"http_request","method":"GET","path":"/api/admin/tickets?search=&status=open&priority=","statusCode":304,"durationMs":28,"ip":"::1"}
{"timestamp":"2026-03-31T18:52:53.280Z","level":"info","event":"http_request","method":"GET","path":"/api/admin/vault","statusCode":404,"durationMs":4,"ip":"::1"}
{"timestamp":"2026-03-31T18:52:53.283Z","level":"info","event":"http_request","method":"GET","path":"/api/admin/followups","statusCode":304,"durationMs":25,"ip":"::1"}
{"timestamp":"2026-03-31T18:52:53.286Z","level":"info","event":"http_request","method":"GET","path":"/api/admin/consultations","statusCode":304,"durationMs":24,"ip":"::1"}
{"timestamp":"2026-03-31T18:52:53.287Z","level":"info","event":"http_request","method":"GET","path":"/api/admin/referrals","statusCode":304,"durationMs":19,"ip":"::1"}
{"timestamp":"2026-03-31T18:52:53.292Z","level":"info","event":"http_request","method":"GET","path":"/api/admin/addons","statusCode":304,"durationMs":19,"ip":"::1"}
{"timestamp":"2026-03-31T18:52:53.297Z","level":"info","event":"http_request","method":"GET","path":"/api/admin/vault/documents","statusCode":304,"durationMs":7,"ip":"::1"}
{"timestamp":"2026-03-31T18:53:01.173Z","level":"info","event":"http_request","method":"POST","path":"/api/admin/tickets/1/status","statusCode":200,"durationMs":11,"ip":"::1"}
{"timestamp":"2026-03-31T18:53:01.189Z","level":"info","event":"http_request","method":"GET","path":"/api/admin/overview","statusCode":304,"durationMs":6,"ip":"::1"}
{"timestamp":"2026-03-31T18:53:01.210Z","level":"info","event":"http_request","method":"GET","path":"/api/admin/leads","statusCode":304,"durationMs":12,"ip":"::1"}
{"timestamp":"2026-03-31T18:53:01.222Z","level":"info","event":"http_request","method":"GET","path":"/api/admin/clients","statusCode":304,"durationMs":23,"ip":"::1"}
{"timestamp":"2026-03-31T18:53:01.227Z","level":"info","event":"http_request","method":"GET","path":"/api/admin/billing/subscriptions","statusCode":304,"durationMs":21,"ip":"::1"}
{"timestamp":"2026-03-31T18:53:01.229Z","level":"info","event":"http_request","method":"GET","path":"/api/admin/tasks","statusCode":304,"durationMs":26,"ip":"::1"}
{"timestamp":"2026-03-31T18:53:01.240Z","level":"info","event":"http_request","method":"GET","path":"/api/admin/billing/plans","statusCode":304,"durationMs":25,"ip":"::1"}
{"timestamp":"2026-03-31T18:53:01.244Z","level":"info","event":"http_request","method":"GET","path":"/api/admin/workflow-instances","statusCode":304,"durationMs":41,"ip":"::1"}
{"timestamp":"2026-03-31T18:53:01.251Z","level":"info","event":"http_request","method":"GET","path":"/api/admin/tickets?search=&status=open&priority=","statusCode":304,"durationMs":48,"ip":"::1"}
{"timestamp":"2026-03-31T18:53:01.261Z","level":"info","event":"http_request","method":"GET","path":"/api/admin/vault","statusCode":404,"durationMs":6,"ip":"::1"}
{"timestamp":"2026-03-31T18:53:01.267Z","level":"info","event":"http_request","method":"GET","path":"/api/admin/followups","statusCode":304,"durationMs":32,"ip":"::1"}
{"timestamp":"2026-03-31T18:53:01.268Z","level":"info","event":"http_request","method":"GET","path":"/api/admin/consultations","statusCode":304,"durationMs":33,"ip":"::1"}
{"timestamp":"2026-03-31T18:53:01.271Z","level":"info","event":"http_request","method":"GET","path":"/api/admin/referrals","statusCode":304,"durationMs":32,"ip":"::1"}
{"timestamp":"2026-03-31T18:53:01.296Z","level":"info","event":"http_request","method":"GET","path":"/api/admin/addons","statusCode":304,"durationMs":43,"ip":"::1"}
{"timestamp":"2026-03-31T18:53:01.302Z","level":"info","event":"http_request","method":"GET","path":"/api/admin/vault/documents","statusCode":304,"durationMs":29,"ip":"::1"}
{"timestamp":"2026-03-31T18:53:04.040Z","level":"info","event":"http_request","method":"POST","path":"/api/admin/tickets/2/status","statusCode":200,"durationMs":10,"ip":"::1"}
{"timestamp":"2026-03-31T18:53:04.064Z","level":"info","event":"http_request","method":"GET","path":"/api/admin/leads","statusCode":304,"durationMs":12,"ip":"::1"}
{"timestamp":"2026-03-31T18:53:04.069Z","level":"info","event":"http_request","method":"GET","path":"/api/admin/overview","statusCode":304,"durationMs":18,"ip":"::1"}
{"timestamp":"2026-03-31T18:53:04.080Z","level":"info","event":"http_request","method":"GET","path":"/api/admin/clients","statusCode":304,"durationMs":20,"ip":"::1"}
{"timestamp":"2026-03-31T18:53:04.085Z","level":"info","event":"http_request","method":"GET","path":"/api/admin/tasks","statusCode":304,"durationMs":10,"ip":"::1"}
{"timestamp":"2026-03-31T18:53:04.092Z","level":"info","event":"http_request","method":"GET","path":"/api/admin/billing/subscriptions","statusCode":304,"durationMs":14,"ip":"::1"}
{"timestamp":"2026-03-31T18:53:04.097Z","level":"info","event":"http_request","method":"GET","path":"/api/admin/billing/plans","statusCode":304,"durationMs":19,"ip":"::1"}
{"timestamp":"2026-03-31T18:53:04.099Z","level":"info","event":"http_request","method":"GET","path":"/api/admin/tickets?search=&status=open&priority=","statusCode":304,"durationMs":39,"ip":"::1"}
{"timestamp":"2026-03-31T18:53:04.105Z","level":"info","event":"http_request","method":"GET","path":"/api/admin/workflow-instances","statusCode":304,"durationMs":30,"ip":"::1"}
{"timestamp":"2026-03-31T18:53:04.115Z","level":"info","event":"http_request","method":"GET","path":"/api/admin/vault","statusCode":404,"durationMs":8,"ip":"::1"}
{"timestamp":"2026-03-31T18:53:04.119Z","level":"info","event":"http_request","method":"GET","path":"/api/admin/followups","statusCode":304,"durationMs":27,"ip":"::1"}
{"timestamp":"2026-03-31T18:53:04.122Z","level":"info","event":"http_request","method":"GET","path":"/api/admin/consultations","statusCode":304,"durationMs":28,"ip":"::1"}
{"timestamp":"2026-03-31T18:53:04.130Z","level":"info","event":"http_request","method":"GET","path":"/api/admin/referrals","statusCode":304,"durationMs":28,"ip":"::1"}
{"timestamp":"2026-03-31T18:53:04.136Z","level":"info","event":"http_request","method":"GET","path":"/api/admin/addons","statusCode":304,"durationMs":30,"ip":"::1"}
{"timestamp":"2026-03-31T18:53:04.141Z","level":"info","event":"http_request","method":"GET","path":"/api/admin/vault/documents","statusCode":304,"durationMs":9,"ip":"::1"}
{"timestamp":"2026-03-31T18:53:05.101Z","level":"info","event":"http_request","method":"POST","path":"/api/admin/tickets/2/status","statusCode":200,"durationMs":7,"ip":"::1"}
{"timestamp":"2026-03-31T18:53:05.119Z","level":"info","event":"http_request","method":"GET","path":"/api/admin/leads","statusCode":304,"durationMs":9,"ip":"::1"}
{"timestamp":"2026-03-31T18:53:05.124Z","level":"info","event":"http_request","method":"GET","path":"/api/admin/overview","statusCode":304,"durationMs":16,"ip":"::1"}
{"timestamp":"2026-03-31T18:53:05.135Z","level":"info","event":"http_request","method":"GET","path":"/api/admin/clients","statusCode":304,"durationMs":19,"ip":"::1"}
{"timestamp":"2026-03-31T18:53:05.140Z","level":"info","event":"http_request","method":"GET","path":"/api/admin/tasks","statusCode":304,"durationMs":9,"ip":"::1"}
{"timestamp":"2026-03-31T18:53:05.142Z","level":"info","event":"http_request","method":"GET","path":"/api/admin/billing/subscriptions","statusCode":304,"durationMs":11,"ip":"::1"}
{"timestamp":"2026-03-31T18:53:05.143Z","level":"info","event":"http_request","method":"GET","path":"/api/admin/billing/plans","statusCode":304,"durationMs":12,"ip":"::1"}
{"timestamp":"2026-03-31T18:53:05.148Z","level":"info","event":"http_request","method":"GET","path":"/api/admin/workflow-instances","statusCode":304,"durationMs":17,"ip":"::1"}
{"timestamp":"2026-03-31T18:53:05.154Z","level":"info","event":"http_request","method":"GET","path":"/api/admin/tickets?search=&status=open&priority=","statusCode":304,"durationMs":24,"ip":"::1"}
{"timestamp":"2026-03-31T18:53:05.172Z","level":"info","event":"http_request","method":"GET","path":"/api/admin/vault","statusCode":404,"durationMs":16,"ip":"::1"}
{"timestamp":"2026-03-31T18:53:05.176Z","level":"info","event":"http_request","method":"GET","path":"/api/admin/followups","statusCode":304,"durationMs":40,"ip":"::1"}
{"timestamp":"2026-03-31T18:53:05.182Z","level":"info","event":"http_request","method":"GET","path":"/api/admin/consultations","statusCode":304,"durationMs":36,"ip":"::1"}
{"timestamp":"2026-03-31T18:53:05.185Z","level":"info","event":"http_request","method":"GET","path":"/api/admin/referrals","statusCode":304,"durationMs":34,"ip":"::1"}
{"timestamp":"2026-03-31T18:53:05.188Z","level":"info","event":"http_request","method":"GET","path":"/api/admin/addons","statusCode":304,"durationMs":36,"ip":"::1"}
{"timestamp":"2026-03-31T18:53:05.193Z","level":"info","event":"http_request","method":"GET","path":"/api/admin/vault/documents","statusCode":304,"durationMs":9,"ip":"::1"}
{"timestamp":"2026-03-31T18:53:07.809Z","level":"info","event":"http_request","method":"POST","path":"/api/admin/tickets/1/status","statusCode":200,"durationMs":11,"ip":"::1"}
{"timestamp":"2026-03-31T18:53:07.830Z","level":"info","event":"http_request","method":"GET","path":"/api/admin/overview","statusCode":304,"durationMs":10,"ip":"::1"}
{"timestamp":"2026-03-31T18:53:07.834Z","level":"info","event":"http_request","method":"GET","path":"/api/admin/leads","statusCode":304,"durationMs":8,"ip":"::1"}
{"timestamp":"2026-03-31T18:53:07.844Z","level":"info","event":"http_request","method":"GET","path":"/api/admin/clients","statusCode":304,"durationMs":17,"ip":"::1"}
{"timestamp":"2026-03-31T18:53:07.848Z","level":"info","event":"http_request","method":"GET","path":"/api/admin/tasks","statusCode":304,"durationMs":10,"ip":"::1"}
{"timestamp":"2026-03-31T18:53:07.851Z","level":"info","event":"http_request","method":"GET","path":"/api/admin/tickets?search=&status=open&priority=","statusCode":304,"durationMs":24,"ip":"::1"}
{"timestamp":"2026-03-31T18:53:07.852Z","level":"info","event":"http_request","method":"GET","path":"/api/admin/billing/subscriptions","statusCode":304,"durationMs":10,"ip":"::1"}
{"timestamp":"2026-03-31T18:53:07.856Z","level":"info","event":"http_request","method":"GET","path":"/api/admin/billing/plans","statusCode":304,"durationMs":14,"ip":"::1"}
{"timestamp":"2026-03-31T18:53:07.862Z","level":"info","event":"http_request","method":"GET","path":"/api/admin/workflow-instances","statusCode":304,"durationMs":20,"ip":"::1"}
{"timestamp":"2026-03-31T18:53:07.868Z","level":"info","event":"http_request","method":"GET","path":"/api/admin/vault","statusCode":404,"durationMs":5,"ip":"::1"}
{"timestamp":"2026-03-31T18:53:07.872Z","level":"info","event":"http_request","method":"GET","path":"/api/admin/followups","statusCode":304,"durationMs":23,"ip":"::1"}
{"timestamp":"2026-03-31T18:53:07.875Z","level":"info","event":"http_request","method":"GET","path":"/api/admin/consultations","statusCode":304,"durationMs":21,"ip":"::1"}
{"timestamp":"2026-03-31T18:53:07.876Z","level":"info","event":"http_request","method":"GET","path":"/api/admin/referrals","statusCode":304,"durationMs":17,"ip":"::1"}
{"timestamp":"2026-03-31T18:53:07.880Z","level":"info","event":"http_request","method":"GET","path":"/api/admin/addons","statusCode":304,"durationMs":21,"ip":"::1"}
{"timestamp":"2026-03-31T18:53:07.884Z","level":"info","event":"http_request","method":"GET","path":"/api/admin/vault/documents","statusCode":304,"durationMs":5,"ip":"::1"}
{"timestamp":"2026-03-31T18:53:08.645Z","level":"info","event":"http_request","method":"POST","path":"/api/admin/tickets/2/status","statusCode":200,"durationMs":8,"ip":"::1"}
{"timestamp":"2026-03-31T18:53:08.661Z","level":"info","event":"http_request","method":"GET","path":"/api/admin/overview","statusCode":304,"durationMs":9,"ip":"::1"}
{"timestamp":"2026-03-31T18:53:08.667Z","level":"info","event":"http_request","method":"GET","path":"/api/admin/leads","statusCode":304,"durationMs":9,"ip":"::1"}
{"timestamp":"2026-03-31T18:53:08.673Z","level":"info","event":"http_request","method":"GET","path":"/api/admin/clients","statusCode":304,"durationMs":15,"ip":"::1"}
{"timestamp":"2026-03-31T18:53:08.676Z","level":"info","event":"http_request","method":"GET","path":"/api/admin/tasks","statusCode":304,"durationMs":8,"ip":"::1"}
{"timestamp":"2026-03-31T18:53:08.678Z","level":"info","event":"http_request","method":"GET","path":"/api/admin/billing/subscriptions","statusCode":304,"durationMs":7,"ip":"::1"}
{"timestamp":"2026-03-31T18:53:08.682Z","level":"info","event":"http_request","method":"GET","path":"/api/admin/billing/plans","statusCode":304,"durationMs":9,"ip":"::1"}
{"timestamp":"2026-03-31T18:53:08.687Z","level":"info","event":"http_request","method":"GET","path":"/api/admin/workflow-instances","statusCode":304,"durationMs":16,"ip":"::1"}
{"timestamp":"2026-03-31T18:53:08.691Z","level":"info","event":"http_request","method":"GET","path":"/api/admin/tickets?search=&status=open&priority=","statusCode":304,"durationMs":25,"ip":"::1"}
{"timestamp":"2026-03-31T18:53:08.697Z","level":"info","event":"http_request","method":"GET","path":"/api/admin/vault","statusCode":404,"durationMs":5,"ip":"::1"}
{"timestamp":"2026-03-31T18:53:08.702Z","level":"info","event":"http_request","method":"GET","path":"/api/admin/followups","statusCode":304,"durationMs":23,"ip":"::1"}
{"timestamp":"2026-03-31T18:53:08.705Z","level":"info","event":"http_request","method":"GET","path":"/api/admin/consultations","statusCode":304,"durationMs":23,"ip":"::1"}
{"timestamp":"2026-03-31T18:53:08.707Z","level":"info","event":"http_request","method":"GET","path":"/api/admin/referrals","statusCode":304,"durationMs":22,"ip":"::1"}
{"timestamp":"2026-03-31T18:53:08.712Z","level":"info","event":"http_request","method":"GET","path":"/api/admin/addons","statusCode":304,"durationMs":24,"ip":"::1"}
{"timestamp":"2026-03-31T18:53:08.715Z","level":"info","event":"http_request","method":"GET","path":"/api/admin/vault/documents","statusCode":304,"durationMs":7,"ip":"::1"}
{"timestamp":"2026-03-31T18:53:09.621Z","level":"info","event":"http_request","method":"POST","path":"/api/admin/tickets/1/status","statusCode":200,"durationMs":8,"ip":"::1"}
{"timestamp":"2026-03-31T18:53:09.639Z","level":"info","event":"http_request","method":"GET","path":"/api/admin/overview","statusCode":304,"durationMs":11,"ip":"::1"}
{"timestamp":"2026-03-31T18:53:09.643Z","level":"info","event":"http_request","method":"GET","path":"/api/admin/leads","statusCode":304,"durationMs":14,"ip":"::1"}
{"timestamp":"2026-03-31T18:53:09.650Z","level":"info","event":"http_request","method":"GET","path":"/api/admin/clients","statusCode":304,"durationMs":14,"ip":"::1"}
{"timestamp":"2026-03-31T18:53:09.651Z","level":"info","event":"http_request","method":"GET","path":"/api/admin/tasks","statusCode":304,"durationMs":9,"ip":"::1"}
{"timestamp":"2026-03-31T18:53:09.655Z","level":"info","event":"http_request","method":"GET","path":"/api/admin/billing/subscriptions","statusCode":304,"durationMs":8,"ip":"::1"}
{"timestamp":"2026-03-31T18:53:09.658Z","level":"info","event":"http_request","method":"GET","path":"/api/admin/workflow-instances","statusCode":304,"durationMs":14,"ip":"::1"}
{"timestamp":"2026-03-31T18:53:09.662Z","level":"info","event":"http_request","method":"GET","path":"/api/admin/billing/plans","statusCode":304,"durationMs":14,"ip":"::1"}
{"timestamp":"2026-03-31T18:53:09.664Z","level":"info","event":"http_request","method":"GET","path":"/api/admin/tickets?search=&status=open&priority=","statusCode":304,"durationMs":25,"ip":"::1"}
{"timestamp":"2026-03-31T18:53:09.671Z","level":"info","event":"http_request","method":"GET","path":"/api/admin/vault","statusCode":404,"durationMs":4,"ip":"::1"}
{"timestamp":"2026-03-31T18:53:09.677Z","level":"info","event":"http_request","method":"GET","path":"/api/admin/followups","statusCode":304,"durationMs":24,"ip":"::1"}
{"timestamp":"2026-03-31T18:53:09.680Z","level":"info","event":"http_request","method":"GET","path":"/api/admin/consultations","statusCode":304,"durationMs":20,"ip":"::1"}
{"timestamp":"2026-03-31T18:53:09.681Z","level":"info","event":"http_request","method":"GET","path":"/api/admin/referrals","statusCode":304,"durationMs":16,"ip":"::1"}
{"timestamp":"2026-03-31T18:53:09.686Z","level":"info","event":"http_request","method":"GET","path":"/api/admin/addons","statusCode":304,"durationMs":20,"ip":"::1"}
{"timestamp":"2026-03-31T18:53:09.689Z","level":"info","event":"http_request","method":"GET","path":"/api/admin/vault/documents","statusCode":304,"durationMs":5,"ip":"::1"}
{"timestamp":"2026-03-31T18:54:48.734Z","level":"info","event":"http_request","method":"POST","path":"/api/admin/logout","statusCode":200,"durationMs":2,"ip":"::1"}
{"timestamp":"2026-03-31T18:54:50.565Z","level":"info","event":"http_request","method":"GET","path":"/","statusCode":304,"durationMs":2,"ip":"::1"}
{"timestamp":"2026-03-31T18:54:50.738Z","level":"info","event":"http_request","method":"GET","path":"/site-config.js","statusCode":304,"durationMs":0,"ip":"::1"}
{"timestamp":"2026-03-31T18:54:56.713Z","level":"info","event":"http_request","method":"GET","path":"/consultation","statusCode":304,"durationMs":2,"ip":"::1"}
{"timestamp":"2026-03-31T18:54:56.853Z","level":"info","event":"http_request","method":"GET","path":"/api/consultations/slots?consultationType=CA&service=GST+Registration&mode=call&date=2026-04-01","statusCode":304,"durationMs":4,"ip":"::1"}
{"timestamp":"2026-03-31T18:55:20.148Z","level":"info","event":"http_request","method":"GET","path":"/api/consultations/slots?consultationType=CA&service=Trademark+Registration&mode=call&date=2026-04-01","statusCode":200,"durationMs":1,"ip":"::1"}
{"timestamp":"2026-03-31T18:55:32.412Z","level":"info","event":"http_request","method":"POST","path":"/api/consultations","statusCode":400,"durationMs":8,"ip":"::1"}
{"timestamp":"2026-03-31T18:55:45.997Z","level":"info","event":"http_request","method":"GET","path":"/","statusCode":304,"durationMs":1,"ip":"::1"}
{"timestamp":"2026-03-31T18:55:46.207Z","level":"info","event":"http_request","method":"GET","path":"/admin","statusCode":304,"durationMs":1,"ip":"::1"}
{"timestamp":"2026-03-31T18:55:46.480Z","level":"info","event":"http_request","method":"GET","path":"/api/admin/session","statusCode":304,"durationMs":1,"ip":"::1"}
{"timestamp":"2026-03-31T18:55:57.290Z","level":"info","event":"http_request","method":"POST","path":"/api/admin/login","statusCode":200,"durationMs":1,"ip":"::1"}
{"timestamp":"2026-03-31T18:55:57.319Z","level":"info","event":"http_request","method":"GET","path":"/api/admin/overview","statusCode":304,"durationMs":19,"ip":"::1"}
{"timestamp":"2026-03-31T18:55:57.336Z","level":"info","event":"http_request","method":"GET","path":"/api/admin/leads","statusCode":304,"durationMs":8,"ip":"::1"}
{"timestamp":"2026-03-31T18:55:57.337Z","level":"info","event":"http_request","method":"GET","path":"/api/admin/billing/subscriptions","statusCode":304,"durationMs":9,"ip":"::1"}
{"timestamp":"2026-03-31T18:55:57.343Z","level":"info","event":"http_request","method":"GET","path":"/api/admin/tasks","statusCode":304,"durationMs":12,"ip":"::1"}
{"timestamp":"2026-03-31T18:55:57.347Z","level":"info","event":"http_request","method":"GET","path":"/api/admin/clients","statusCode":304,"durationMs":19,"ip":"::1"}
{"timestamp":"2026-03-31T18:55:57.351Z","level":"info","event":"http_request","method":"GET","path":"/api/admin/workflow-instances","statusCode":304,"durationMs":23,"ip":"::1"}
{"timestamp":"2026-03-31T18:55:57.358Z","level":"info","event":"http_request","method":"GET","path":"/api/admin/billing/plans","statusCode":304,"durationMs":18,"ip":"::1"}
{"timestamp":"2026-03-31T18:55:57.360Z","level":"info","event":"http_request","method":"GET","path":"/api/admin/tickets?search=&status=&priority=","statusCode":200,"durationMs":32,"ip":"::1"}
{"timestamp":"2026-03-31T18:55:57.372Z","level":"info","event":"http_request","method":"GET","path":"/api/admin/vault","statusCode":404,"durationMs":8,"ip":"::1"}
{"timestamp":"2026-03-31T18:55:57.377Z","level":"info","event":"http_request","method":"GET","path":"/api/admin/followups","statusCode":304,"durationMs":25,"ip":"::1"}
{"timestamp":"2026-03-31T18:55:57.381Z","level":"info","event":"http_request","method":"GET","path":"/api/admin/consultations","statusCode":304,"durationMs":27,"ip":"::1"}
{"timestamp":"2026-03-31T18:55:57.383Z","level":"info","event":"http_request","method":"GET","path":"/api/admin/referrals","statusCode":304,"durationMs":29,"ip":"::1"}
{"timestamp":"2026-03-31T18:55:57.392Z","level":"info","event":"http_request","method":"GET","path":"/api/admin/addons","statusCode":304,"durationMs":30,"ip":"::1"}
{"timestamp":"2026-03-31T18:55:57.422Z","level":"info","event":"http_request","method":"GET","path":"/api/admin/vault/documents","statusCode":304,"durationMs":7,"ip":"::1"}
{"timestamp":"2026-03-31T18:56:39.272Z","level":"info","event":"http_request","method":"GET","path":"/api/admin/leads","statusCode":304,"durationMs":6,"ip":"::1"}
{"timestamp":"2026-03-31T18:56:39.273Z","level":"info","event":"http_request","method":"GET","path":"/api/admin/tasks","statusCode":304,"durationMs":7,"ip":"::1"}
{"timestamp":"2026-03-31T18:56:39.281Z","level":"info","event":"http_request","method":"GET","path":"/api/admin/overview","statusCode":304,"durationMs":17,"ip":"::1"}
{"timestamp":"2026-03-31T18:56:39.284Z","level":"info","event":"http_request","method":"GET","path":"/api/admin/clients","statusCode":304,"durationMs":18,"ip":"::1"}
{"timestamp":"2026-03-31T18:56:39.285Z","level":"info","event":"http_request","method":"GET","path":"/api/admin/workflow-instances","statusCode":304,"durationMs":19,"ip":"::1"}
{"timestamp":"2026-03-31T18:56:39.292Z","level":"info","event":"http_request","method":"GET","path":"/api/admin/tickets?search=&status=&priority=","statusCode":304,"durationMs":26,"ip":"::1"}
{"timestamp":"2026-03-31T18:56:39.296Z","level":"info","event":"http_request","method":"GET","path":"/api/admin/billing/subscriptions","statusCode":304,"durationMs":14,"ip":"::1"}
{"timestamp":"2026-03-31T18:56:39.297Z","level":"info","event":"http_request","method":"GET","path":"/api/admin/billing/plans","statusCode":304,"durationMs":15,"ip":"::1"}
{"timestamp":"2026-03-31T18:56:39.308Z","level":"info","event":"http_request","method":"GET","path":"/api/admin/vault","statusCode":404,"durationMs":8,"ip":"::1"}
{"timestamp":"2026-03-31T18:56:39.311Z","level":"info","event":"http_request","method":"GET","path":"/api/admin/followups","statusCode":304,"durationMs":24,"ip":"::1"}
{"timestamp":"2026-03-31T18:56:39.313Z","level":"info","event":"http_request","method":"GET","path":"/api/admin/consultations","statusCode":304,"durationMs":24,"ip":"::1"}
{"timestamp":"2026-03-31T18:56:39.316Z","level":"info","event":"http_request","method":"GET","path":"/api/admin/referrals","statusCode":304,"durationMs":26,"ip":"::1"}
{"timestamp":"2026-03-31T18:56:39.318Z","level":"info","event":"http_request","method":"GET","path":"/api/admin/leads?search=&service=&date=","statusCode":304,"durationMs":15,"ip":"::1"}
{"timestamp":"2026-03-31T18:56:39.325Z","level":"info","event":"http_request","method":"GET","path":"/api/admin/addons","statusCode":304,"durationMs":25,"ip":"::1"}
{"timestamp":"2026-03-31T18:56:39.328Z","level":"info","event":"http_request","method":"GET","path":"/api/admin/vault/documents","statusCode":304,"durationMs":5,"ip":"::1"}
{"timestamp":"2026-03-31T18:56:39.641Z","level":"info","event":"http_request","method":"GET","path":"/api/admin/overview","statusCode":304,"durationMs":7,"ip":"::1"}
{"timestamp":"2026-03-31T18:56:39.646Z","level":"info","event":"http_request","method":"GET","path":"/api/admin/leads","statusCode":304,"durationMs":6,"ip":"::1"}
{"timestamp":"2026-03-31T18:56:39.654Z","level":"info","event":"http_request","method":"GET","path":"/api/admin/clients","statusCode":304,"durationMs":11,"ip":"::1"}
{"timestamp":"2026-03-31T18:56:39.663Z","level":"info","event":"http_request","method":"GET","path":"/api/admin/tasks","statusCode":304,"durationMs":5,"ip":"::1"}
{"timestamp":"2026-03-31T18:56:39.667Z","level":"info","event":"http_request","method":"GET","path":"/api/admin/billing/subscriptions","statusCode":304,"durationMs":7,"ip":"::1"}
{"timestamp":"2026-03-31T18:56:39.669Z","level":"info","event":"http_request","method":"GET","path":"/api/admin/billing/plans","statusCode":304,"durationMs":9,"ip":"::1"}
{"timestamp":"2026-03-31T18:56:39.675Z","level":"info","event":"http_request","method":"GET","path":"/api/admin/workflow-instances","statusCode":304,"durationMs":15,"ip":"::1"}
{"timestamp":"2026-03-31T18:56:39.679Z","level":"info","event":"http_request","method":"GET","path":"/api/admin/tickets?search=&status=&priority=","statusCode":304,"durationMs":22,"ip":"::1"}
{"timestamp":"2026-03-31T18:56:39.685Z","level":"info","event":"http_request","method":"GET","path":"/api/admin/followups","statusCode":304,"durationMs":25,"ip":"::1"}
{"timestamp":"2026-03-31T18:56:39.689Z","level":"info","event":"http_request","method":"GET","path":"/api/admin/vault","statusCode":404,"durationMs":8,"ip":"::1"}
{"timestamp":"2026-03-31T18:56:39.692Z","level":"info","event":"http_request","method":"GET","path":"/api/admin/leads?search=&service=&date=","statusCode":304,"durationMs":10,"ip":"::1"}
{"timestamp":"2026-03-31T18:56:39.693Z","level":"info","event":"http_request","method":"GET","path":"/api/admin/consultations","statusCode":304,"durationMs":20,"ip":"::1"}
{"timestamp":"2026-03-31T18:56:39.697Z","level":"info","event":"http_request","method":"GET","path":"/api/admin/referrals","statusCode":304,"durationMs":24,"ip":"::1"}
{"timestamp":"2026-03-31T18:56:39.707Z","level":"info","event":"http_request","method":"GET","path":"/api/admin/addons","statusCode":304,"durationMs":34,"ip":"::1"}
{"timestamp":"2026-03-31T18:56:39.712Z","level":"info","event":"http_request","method":"GET","path":"/api/admin/vault/documents","statusCode":304,"durationMs":8,"ip":"::1"}
{"timestamp":"2026-03-31T18:56:39.824Z","level":"info","event":"http_request","method":"GET","path":"/api/admin/overview","statusCode":304,"durationMs":6,"ip":"::1"}
{"timestamp":"2026-03-31T18:56:39.831Z","level":"info","event":"http_request","method":"GET","path":"/api/admin/leads","statusCode":304,"durationMs":8,"ip":"::1"}
{"timestamp":"2026-03-31T18:56:39.838Z","level":"info","event":"http_request","method":"GET","path":"/api/admin/clients","statusCode":304,"durationMs":15,"ip":"::1"}
{"timestamp":"2026-03-31T18:56:39.844Z","level":"info","event":"http_request","method":"GET","path":"/api/admin/tickets?search=&status=&priority=","statusCode":304,"durationMs":17,"ip":"::1"}
{"timestamp":"2026-03-31T18:56:39.848Z","level":"info","event":"http_request","method":"GET","path":"/api/admin/tasks","statusCode":304,"durationMs":7,"ip":"::1"}
{"timestamp":"2026-03-31T18:56:39.849Z","level":"info","event":"http_request","method":"GET","path":"/api/admin/billing/subscriptions","statusCode":304,"durationMs":8,"ip":"::1"}
{"timestamp":"2026-03-31T18:56:39.853Z","level":"info","event":"http_request","method":"GET","path":"/api/admin/billing/plans","statusCode":304,"durationMs":11,"ip":"::1"}
{"timestamp":"2026-03-31T18:56:39.857Z","level":"info","event":"http_request","method":"GET","path":"/api/admin/workflow-instances","statusCode":304,"durationMs":16,"ip":"::1"}
{"timestamp":"2026-03-31T18:56:39.867Z","level":"info","event":"http_request","method":"GET","path":"/api/admin/vault","statusCode":404,"durationMs":9,"ip":"::1"}
{"timestamp":"2026-03-31T18:56:39.870Z","level":"info","event":"http_request","method":"GET","path":"/api/admin/followups","statusCode":304,"durationMs":27,"ip":"::1"}
{"timestamp":"2026-03-31T18:56:39.872Z","level":"info","event":"http_request","method":"GET","path":"/api/admin/leads?search=&service=&date=","statusCode":304,"durationMs":13,"ip":"::1"}
{"timestamp":"2026-03-31T18:56:39.876Z","level":"info","event":"http_request","method":"GET","path":"/api/admin/referrals","statusCode":304,"durationMs":20,"ip":"::1"}
{"timestamp":"2026-03-31T18:56:39.880Z","level":"info","event":"http_request","method":"GET","path":"/api/admin/consultations","statusCode":304,"durationMs":30,"ip":"::1"}
{"timestamp":"2026-03-31T18:56:39.886Z","level":"info","event":"http_request","method":"GET","path":"/api/admin/addons","statusCode":304,"durationMs":31,"ip":"::1"}
{"timestamp":"2026-03-31T18:56:39.890Z","level":"info","event":"http_request","method":"GET","path":"/api/admin/vault/documents","statusCode":304,"durationMs":16,"ip":"::1"}
{"timestamp":"2026-03-31T18:56:40.009Z","level":"info","event":"http_request","method":"GET","path":"/api/admin/overview","statusCode":304,"durationMs":7,"ip":"::1"}
{"timestamp":"2026-03-31T18:56:40.014Z","level":"info","event":"http_request","method":"GET","path":"/api/admin/leads","statusCode":304,"durationMs":7,"ip":"::1"}
{"timestamp":"2026-03-31T18:56:40.023Z","level":"info","event":"http_request","method":"GET","path":"/api/admin/clients","statusCode":304,"durationMs":16,"ip":"::1"}
{"timestamp":"2026-03-31T18:56:40.032Z","level":"info","event":"http_request","method":"GET","path":"/api/admin/tasks","statusCode":304,"durationMs":6,"ip":"::1"}
{"timestamp":"2026-03-31T18:56:40.035Z","level":"info","event":"http_request","method":"GET","path":"/api/admin/billing/plans","statusCode":304,"durationMs":7,"ip":"::1"}
{"timestamp":"2026-03-31T18:56:40.036Z","level":"info","event":"http_request","method":"GET","path":"/api/admin/billing/subscriptions","statusCode":304,"durationMs":8,"ip":"::1"}
{"timestamp":"2026-03-31T18:56:40.038Z","level":"info","event":"http_request","method":"GET","path":"/api/admin/tickets?search=&status=&priority=","statusCode":304,"durationMs":26,"ip":"::1"}
{"timestamp":"2026-03-31T18:56:40.044Z","level":"info","event":"http_request","method":"GET","path":"/api/admin/workflow-instances","statusCode":304,"durationMs":16,"ip":"::1"}
{"timestamp":"2026-03-31T18:56:40.050Z","level":"info","event":"http_request","method":"GET","path":"/api/admin/followups","statusCode":304,"durationMs":22,"ip":"::1"}
{"timestamp":"2026-03-31T18:56:40.053Z","level":"info","event":"http_request","method":"GET","path":"/api/admin/vault","statusCode":404,"durationMs":8,"ip":"::1"}
{"timestamp":"2026-03-31T18:56:40.055Z","level":"info","event":"http_request","method":"GET","path":"/api/admin/leads?search=&service=&date=","statusCode":304,"durationMs":8,"ip":"::1"}
{"timestamp":"2026-03-31T18:56:40.059Z","level":"info","event":"http_request","method":"GET","path":"/api/admin/consultations","statusCode":304,"durationMs":18,"ip":"::1"}
{"timestamp":"2026-03-31T18:56:40.063Z","level":"info","event":"http_request","method":"GET","path":"/api/admin/referrals","statusCode":304,"durationMs":22,"ip":"::1"}
{"timestamp":"2026-03-31T18:56:40.068Z","level":"info","event":"http_request","method":"GET","path":"/api/admin/addons","statusCode":304,"durationMs":27,"ip":"::1"}
{"timestamp":"2026-03-31T18:56:40.071Z","level":"info","event":"http_request","method":"GET","path":"/api/admin/vault/documents","statusCode":304,"durationMs":9,"ip":"::1"}
{"timestamp":"2026-03-31T18:56:40.210Z","level":"info","event":"http_request","method":"GET","path":"/api/admin/overview","statusCode":304,"durationMs":7,"ip":"::1"}
{"timestamp":"2026-03-31T18:56:40.213Z","level":"info","event":"http_request","method":"GET","path":"/api/admin/leads","statusCode":304,"durationMs":9,"ip":"::1"}
{"timestamp":"2026-03-31T18:56:40.223Z","level":"info","event":"http_request","method":"GET","path":"/api/admin/clients","statusCode":304,"durationMs":15,"ip":"::1"}
{"timestamp":"2026-03-31T18:56:40.233Z","level":"info","event":"http_request","method":"GET","path":"/api/admin/tickets?search=&status=&priority=","statusCode":304,"durationMs":17,"ip":"::1"}
{"timestamp":"2026-03-31T18:56:40.236Z","level":"info","event":"http_request","method":"GET","path":"/api/admin/tasks","statusCode":304,"durationMs":9,"ip":"::1"}
{"timestamp":"2026-03-31T18:56:40.238Z","level":"info","event":"http_request","method":"GET","path":"/api/admin/billing/subscriptions","statusCode":304,"durationMs":9,"ip":"::1"}
{"timestamp":"2026-03-31T18:56:40.241Z","level":"info","event":"http_request","method":"GET","path":"/api/admin/billing/plans","statusCode":304,"durationMs":12,"ip":"::1"}
{"timestamp":"2026-03-31T18:56:40.248Z","level":"info","event":"http_request","method":"GET","path":"/api/admin/workflow-instances","statusCode":304,"durationMs":19,"ip":"::1"}
{"timestamp":"2026-03-31T18:56:40.255Z","level":"info","event":"http_request","method":"GET","path":"/api/admin/vault","statusCode":404,"durationMs":9,"ip":"::1"}
{"timestamp":"2026-03-31T18:56:40.256Z","level":"info","event":"http_request","method":"GET","path":"/api/admin/followups","statusCode":304,"durationMs":26,"ip":"::1"}
{"timestamp":"2026-03-31T18:56:40.261Z","level":"info","event":"http_request","method":"GET","path":"/api/admin/leads?search=&service=&date=","statusCode":304,"durationMs":8,"ip":"::1"}
{"timestamp":"2026-03-31T18:56:40.264Z","level":"info","event":"http_request","method":"GET","path":"/api/admin/consultations","statusCode":304,"durationMs":21,"ip":"::1"}
{"timestamp":"2026-03-31T18:56:40.266Z","level":"info","event":"http_request","method":"GET","path":"/api/admin/referrals","statusCode":304,"durationMs":20,"ip":"::1"}
{"timestamp":"2026-03-31T18:56:40.270Z","level":"info","event":"http_request","method":"GET","path":"/api/admin/addons","statusCode":304,"durationMs":24,"ip":"::1"}
{"timestamp":"2026-03-31T18:56:40.274Z","level":"info","event":"http_request","method":"GET","path":"/api/admin/vault/documents","statusCode":304,"durationMs":10,"ip":"::1"}
{"timestamp":"2026-03-31T18:57:17.418Z","level":"info","event":"http_request","method":"POST","path":"/api/admin/logout","statusCode":200,"durationMs":0,"ip":"::1"}
{"timestamp":"2026-03-31T18:57:21.467Z","level":"info","event":"http_request","method":"GET","path":"/","statusCode":304,"durationMs":1,"ip":"::1"}
{"timestamp":"2026-03-31T18:57:25.236Z","level":"info","event":"http_request","method":"GET","path":"/tools","statusCode":304,"durationMs":2,"ip":"::1"}
{"timestamp":"2026-03-31T18:57:40.286Z","level":"info","event":"http_request","method":"GET","path":"/","statusCode":304,"durationMs":1,"ip":"::1"}
{"timestamp":"2026-03-31T18:57:51.032Z","level":"info","event":"http_request","method":"GET","path":"/services","statusCode":304,"durationMs":1,"ip":"::1"}
{"timestamp":"2026-03-31T18:58:01.064Z","level":"info","event":"create_order_started","name":"asxax","phone":"9696893625","service":"GST Registration","amount":199900}
{"timestamp":"2026-03-31T18:58:01.368Z","level":"info","event":"create_order_completed","orderId":"order_SXwKloY8u5YiRG"}
{"timestamp":"2026-03-31T18:58:01.372Z","level":"info","event":"http_request","method":"POST","path":"/api/create-order","statusCode":201,"durationMs":309,"ip":"::1"}
{"timestamp":"2026-03-31T18:58:30.499Z","level":"info","event":"verify_payment_received","orderId":"order_SXwKloY8u5YiRG","paymentId":"pay_SXwL1KOnW9BCBF","hasSignature":true}
{"timestamp":"2026-03-31T18:58:30.502Z","level":"info","event":"verify_payment_signature_checked","orderId":"order_SXwKloY8u5YiRG","paymentId":"pay_SXwL1KOnW9BCBF","isSignatureValid":true}
{"timestamp":"2026-03-31T18:58:30.691Z","level":"info","event":"invoice_generated","orderId":"order_SXwKloY8u5YiRG","invoiceUrl":"http://localhost:3000/invoice-files/INV-Y8U5YIRG.pdf"}
{"timestamp":"2026-03-31T18:58:31.535Z","level":"info","event":"whatsapp_result_recorded","orderId":"order_SXwKloY8u5YiRG","whatsappStatus":"failed"}
{"timestamp":"2026-03-31T18:58:31.536Z","level":"info","event":"verify_payment_completed","orderId":"order_SXwKloY8u5YiRG","paymentId":"pay_SXwL1KOnW9BCBF","clientId":2,"postProcessingMode":"inline","invoiceGenerated":true,"whatsappStatus":"failed"}
{"timestamp":"2026-03-31T18:58:31.538Z","level":"info","event":"http_request","method":"POST","path":"/api/verify-payment","statusCode":200,"durationMs":1040,"ip":"::1"}
{"timestamp":"2026-03-31T18:58:31.577Z","level":"info","event":"http_request","method":"GET","path":"/payment-success.html?order_id=order_SXwKloY8u5YiRG","statusCode":200,"durationMs":8,"ip":"::1"}
{"timestamp":"2026-03-31T18:58:31.726Z","level":"info","event":"http_request","method":"GET","path":"/api/payment-details/order_SXwKloY8u5YiRG","statusCode":200,"durationMs":4,"ip":"::1"}
{"timestamp":"2026-03-31T18:58:36.110Z","level":"info","event":"http_request","method":"GET","path":"/invoice-files/INV-Y8U5YIRG.pdf","statusCode":200,"durationMs":3,"ip":"::1"}
{"timestamp":"2026-03-31T19:52:04.158Z","level":"warn","event":"server_shutdown_started","signal":"SIGINT"}
{"timestamp":"2026-03-31T19:52:04.162Z","level":"info","event":"server_shutdown_completed","signal":"SIGINT"}
{"timestamp":"2026-03-31T19:52:11.618Z","level":"info","event":"session_store_selected","store":"memory"}
{"timestamp":"2026-03-31T19:52:11.655Z","level":"warn","event":"redis_disabled","reason":"REDIS_ENABLED or REDIS_URL not configured"}
{"timestamp":"2026-03-31T19:52:11.657Z","level":"info","event":"background_jobs_initialized","mode":"local_timer","intervalMs":60000}
{"timestamp":"2026-03-31T19:52:11.665Z","level":"info","event":"server_started","port":3000,"appUrl":"http://localhost:3000","siteUrl":"https://legalaxis.in","dbClient":"sqlite","redisEnabled":false,"queueEnabled":false,"storageDriver":"local","secureCookies":false,"forceHttps":false,"envFile":"backend/.env"}
{"timestamp":"2026-03-31T19:52:25.024Z","level":"info","event":"http_request","method":"GET","path":"/","statusCode":200,"durationMs":33,"ip":"::1"}
{"timestamp":"2026-03-31T19:52:25.435Z","level":"info","event":"http_request","method":"GET","path":"/whatsapp-float.js?v=20260401","statusCode":200,"durationMs":10,"ip":"::1"}
{"timestamp":"2026-03-31T19:52:25.570Z","level":"info","event":"http_request","method":"GET","path":"/site-config.js","statusCode":304,"durationMs":5,"ip":"::1"}
{"timestamp":"2026-03-31T19:52:55.564Z","level":"info","event":"http_request","method":"GET","path":"/services","statusCode":200,"durationMs":6,"ip":"::1"}
{"timestamp":"2026-03-31T19:52:57.766Z","level":"info","event":"http_request","method":"GET","path":"/partner","statusCode":200,"durationMs":6,"ip":"::1"}
{"timestamp":"2026-03-31T19:52:58.002Z","level":"info","event":"http_request","method":"GET","path":"/favicon.ico","statusCode":404,"durationMs":13,"ip":"::1"}
{"timestamp":"2026-03-31T19:53:07.603Z","level":"info","event":"http_request","method":"GET","path":"/","statusCode":304,"durationMs":3,"ip":"::1"}
{"timestamp":"2026-03-31T19:53:10.143Z","level":"info","event":"http_request","method":"GET","path":"/tools","statusCode":200,"durationMs":7,"ip":"::1"}
{"timestamp":"2026-03-31T19:53:12.890Z","level":"info","event":"http_request","method":"GET","path":"/","statusCode":304,"durationMs":1,"ip":"::1"}
{"timestamp":"2026-03-31T19:53:14.806Z","level":"info","event":"http_request","method":"GET","path":"/client-portal","statusCode":200,"durationMs":13,"ip":"::1"}
{"timestamp":"2026-03-31T19:53:16.457Z","level":"info","event":"http_request","method":"GET","path":"/client-portal","statusCode":304,"durationMs":2,"ip":"::1"}
{"timestamp":"2026-03-31T19:53:18.427Z","level":"info","event":"http_request","method":"GET","path":"/","statusCode":304,"durationMs":2,"ip":"::1"}
{"timestamp":"2026-03-31T19:58:33.645Z","level":"info","event":"http_request","method":"GET","path":"/","statusCode":304,"durationMs":2,"ip":"::1"}
{"timestamp":"2026-03-31T19:58:33.803Z","level":"info","event":"http_request","method":"GET","path":"/site-config.js","statusCode":304,"durationMs":2,"ip":"::1"}
{"timestamp":"2026-03-31T20:03:52.641Z","level":"warn","event":"server_shutdown_started","signal":"SIGINT"}
{"timestamp":"2026-03-31T20:03:52.643Z","level":"info","event":"server_shutdown_completed","signal":"SIGINT"}
{"timestamp":"2026-03-31T20:04:02.145Z","level":"info","event":"session_store_selected","store":"memory"}
{"timestamp":"2026-03-31T20:04:02.186Z","level":"warn","event":"redis_disabled","reason":"REDIS_ENABLED or REDIS_URL not configured"}
{"timestamp":"2026-03-31T20:04:02.188Z","level":"info","event":"background_jobs_initialized","mode":"local_timer","intervalMs":60000}
{"timestamp":"2026-03-31T20:04:02.192Z","level":"info","event":"server_started","port":3000,"appUrl":"http://localhost:3000","siteUrl":"https://legalaxis.in","dbClient":"sqlite","redisEnabled":false,"queueEnabled":false,"storageDriver":"local","secureCookies":false,"forceHttps":false,"envFile":"backend/.env"}
{"timestamp":"2026-03-31T20:04:07.891Z","level":"info","event":"http_request","method":"GET","path":"/","statusCode":200,"durationMs":25,"ip":"::1"}
{"timestamp":"2026-03-31T20:04:07.969Z","level":"info","event":"http_request","method":"GET","path":"/script.js?v=20260401-legal-pages","statusCode":200,"durationMs":8,"ip":"::1"}
{"timestamp":"2026-03-31T20:04:08.022Z","level":"info","event":"http_request","method":"GET","path":"/site-config.js","statusCode":304,"durationMs":4,"ip":"::1"}
{"timestamp":"2026-03-31T20:04:19.088Z","level":"info","event":"http_request","method":"GET","path":"/","statusCode":304,"durationMs":4,"ip":"::1"}
{"timestamp":"2026-03-31T20:04:19.543Z","level":"info","event":"http_request","method":"GET","path":"/services","statusCode":200,"durationMs":6,"ip":"::1"}
{"timestamp":"2026-03-31T20:04:25.167Z","level":"info","event":"http_request","method":"GET","path":"/terms-and-conditions","statusCode":200,"durationMs":5,"ip":"::1"}
{"timestamp":"2026-03-31T20:04:39.748Z","level":"info","event":"http_request","method":"GET","path":"/privacy-policy","statusCode":200,"durationMs":5,"ip":"::1"}
{"timestamp":"2026-03-31T20:04:47.187Z","level":"info","event":"http_request","method":"GET","path":"/","statusCode":304,"durationMs":1,"ip":"::1"}
{"timestamp":"2026-03-31T20:27:03.539Z","level":"info","event":"http_request","method":"POST","path":"/api/leads","statusCode":201,"durationMs":36,"ip":"::1"}
{"timestamp":"2026-03-31T20:29:04.965Z","level":"info","event":"http_request","method":"POST","path":"/api/leads","statusCode":201,"durationMs":32,"ip":"::1"}
{"timestamp":"2026-03-31T20:29:34.635Z","level":"warn","event":"server_shutdown_started","signal":"SIGINT"}
{"timestamp":"2026-03-31T20:29:34.637Z","level":"info","event":"server_shutdown_completed","signal":"SIGINT"}
{"timestamp":"2026-03-31T20:29:43.349Z","level":"info","event":"session_store_selected","store":"memory"}
{"timestamp":"2026-03-31T20:29:43.379Z","level":"warn","event":"redis_disabled","reason":"REDIS_ENABLED or REDIS_URL not configured"}
{"timestamp":"2026-03-31T20:29:43.383Z","level":"info","event":"background_jobs_initialized","mode":"local_timer","intervalMs":60000}
{"timestamp":"2026-03-31T20:29:43.386Z","level":"info","event":"server_started","port":3000,"appUrl":"http://localhost:3000","siteUrl":"https://legalaxis.in","dbClient":"sqlite","redisEnabled":false,"queueEnabled":false,"storageDriver":"local","secureCookies":false,"forceHttps":false,"envFile":"backend/.env"}
{"timestamp":"2026-03-31T20:29:44.976Z","level":"info","event":"http_request","method":"GET","path":"/","statusCode":304,"durationMs":12,"ip":"::1"}
{"timestamp":"2026-03-31T20:29:45.097Z","level":"info","event":"http_request","method":"GET","path":"/site-config.js","statusCode":304,"durationMs":4,"ip":"::1"}
{"timestamp":"2026-03-31T20:29:48.832Z","level":"info","event":"http_request","method":"GET","path":"/contact","statusCode":200,"durationMs":20,"ip":"::1"}
{"timestamp":"2026-03-31T20:30:09.160Z","level":"warn","event":"lead_whatsapp_notification_not_sent","leadId":6,"status":"failed","reason":"WhatsApp account connection has expired. Update WHATSAPP_API_TOKEN and retry delivery."}
{"timestamp":"2026-03-31T20:30:09.190Z","level":"info","event":"http_request","method":"POST","path":"/api/leads","statusCode":201,"durationMs":896,"ip":"::1"}
{"timestamp":"2026-03-31T20:32:51.786Z","level":"warn","event":"server_shutdown_started","signal":"SIGINT"}
{"timestamp":"2026-03-31T20:32:51.794Z","level":"info","event":"server_shutdown_completed","signal":"SIGINT"}
{"timestamp":"2026-03-31T20:33:00.540Z","level":"info","event":"session_store_selected","store":"memory"}
{"timestamp":"2026-03-31T20:33:00.567Z","level":"warn","event":"redis_disabled","reason":"REDIS_ENABLED or REDIS_URL not configured"}
{"timestamp":"2026-03-31T20:33:00.568Z","level":"info","event":"background_jobs_initialized","mode":"local_timer","intervalMs":60000}
{"timestamp":"2026-03-31T20:33:00.571Z","level":"info","event":"server_started","port":3000,"appUrl":"http://localhost:3000","siteUrl":"https://legalaxis.in","dbClient":"sqlite","redisEnabled":false,"queueEnabled":false,"storageDriver":"local","secureCookies":false,"forceHttps":false,"envFile":"backend/.env"}
{"timestamp":"2026-03-31T20:33:03.913Z","level":"info","event":"http_request","method":"GET","path":"/","statusCode":304,"durationMs":10,"ip":"::1"}
{"timestamp":"2026-03-31T20:33:09.074Z","level":"info","event":"http_request","method":"GET","path":"/contact","statusCode":304,"durationMs":3,"ip":"::1"}
{"timestamp":"2026-03-31T20:33:24.718Z","level":"info","event":"http_request","method":"POST","path":"/api/leads","statusCode":201,"durationMs":2073,"ip":"::1"}
{"timestamp":"2026-03-31T20:37:57.970Z","level":"info","event":"http_request","method":"GET","path":"/contact","statusCode":200,"durationMs":10,"ip":"::1"}
{"timestamp":"2026-03-31T20:38:18.621Z","level":"warn","event":"server_shutdown_started","signal":"SIGINT"}
{"timestamp":"2026-03-31T20:38:18.625Z","level":"info","event":"server_shutdown_completed","signal":"SIGINT"}
{"timestamp":"2026-03-31T20:38:27.533Z","level":"info","event":"session_store_selected","store":"memory"}
{"timestamp":"2026-03-31T20:38:27.558Z","level":"warn","event":"redis_disabled","reason":"REDIS_ENABLED or REDIS_URL not configured"}
{"timestamp":"2026-03-31T20:38:27.560Z","level":"info","event":"background_jobs_initialized","mode":"local_timer","intervalMs":60000}
{"timestamp":"2026-03-31T20:38:27.563Z","level":"info","event":"server_started","port":3000,"appUrl":"http://localhost:3000","siteUrl":"https://legalaxis.in","dbClient":"sqlite","redisEnabled":false,"queueEnabled":false,"storageDriver":"local","secureCookies":false,"forceHttps":false,"envFile":"backend/.env"}
{"timestamp":"2026-03-31T20:38:30.744Z","level":"info","event":"http_request","method":"GET","path":"/","statusCode":304,"durationMs":10,"ip":"::1"}
{"timestamp":"2026-03-31T20:38:30.999Z","level":"info","event":"http_request","method":"GET","path":"/site-config.js","statusCode":304,"durationMs":2,"ip":"::1"}
{"timestamp":"2026-03-31T20:38:44.371Z","level":"info","event":"http_request","method":"GET","path":"/","statusCode":304,"durationMs":3,"ip":"::1"}
{"timestamp":"2026-03-31T20:38:48.873Z","level":"info","event":"http_request","method":"GET","path":"/services","statusCode":304,"durationMs":3,"ip":"::1"}
{"timestamp":"2026-03-31T20:43:23.887Z","level":"info","event":"session_store_selected","store":"memory"}
{"timestamp":"2026-03-31T20:43:37.730Z","level":"info","event":"http_request","method":"GET","path":"/favicon.ico","statusCode":404,"durationMs":63,"ip":"::1"}
{"timestamp":"2026-03-31T20:44:01.163Z","level":"info","event":"http_request","method":"GET","path":"/favicon.ico","statusCode":404,"durationMs":3,"ip":"::1"}
{"timestamp":"2026-03-31T21:12:18.216Z","level":"info","event":"http_request","method":"GET","path":"/","statusCode":304,"durationMs":5,"ip":"::1"}
{"timestamp":"2026-03-31T21:12:19.072Z","level":"info","event":"http_request","method":"GET","path":"/site-config.js","statusCode":304,"durationMs":1,"ip":"::1"}
{"timestamp":"2026-04-06T12:41:07.740Z","level":"info","event":"session_store_selected","store":"memory"}
{"timestamp":"2026-04-06T12:41:07.991Z","level":"warn","event":"redis_disabled","reason":"REDIS_ENABLED or REDIS_URL not configured"}
{"timestamp":"2026-04-06T12:41:07.996Z","level":"info","event":"background_jobs_initialized","mode":"local_timer","intervalMs":60000}
{"timestamp":"2026-04-06T12:41:08.002Z","level":"info","event":"server_started","port":"4000","appUrl":"http://localhost:4000","siteUrl":"https://legalaxis.in","dbClient":"sqlite","redisEnabled":false,"queueEnabled":false,"storageDriver":"local","secureCookies":false,"forceHttps":false,"envFile":"backend/.env"}
{"timestamp":"2026-04-06T12:51:26.221Z","level":"info","event":"http_request","method":"POST","path":"/api/chatbot/message","statusCode":200,"durationMs":82,"ip":"::1"}
{"timestamp":"2026-04-06T12:51:27.589Z","level":"info","event":"http_request","method":"POST","path":"/api/chatbot/message","statusCode":200,"durationMs":5,"ip":"::1"}
{"timestamp":"2026-04-06T12:53:16.832Z","level":"info","event":"http_request","method":"POST","path":"/api/chatbot/message","statusCode":200,"durationMs":2,"ip":"::1"}
{"timestamp":"2026-04-06T12:53:46.117Z","level":"info","event":"session_store_selected","store":"memory"}
{"timestamp":"2026-04-06T12:53:46.189Z","level":"warn","event":"redis_disabled","reason":"REDIS_ENABLED or REDIS_URL not configured"}
{"timestamp":"2026-04-06T12:53:46.192Z","level":"info","event":"background_jobs_initialized","mode":"local_timer","intervalMs":60000}
{"timestamp":"2026-04-06T12:53:46.203Z","level":"info","event":"server_started","port":"4000","appUrl":"http://localhost:4000","siteUrl":"https://legalaxis.in","dbClient":"sqlite","redisEnabled":false,"queueEnabled":false,"storageDriver":"local","secureCookies":false,"forceHttps":false,"envFile":"backend/.env"}
{"timestamp":"2026-04-06T12:53:58.515Z","level":"info","event":"http_request","method":"POST","path":"/api/chatbot/message","statusCode":200,"durationMs":73,"ip":"::1"}
{"timestamp":"2026-04-07T06:32:22.329Z","level":"info","event":"session_store_selected","store":"memory"}
{"timestamp":"2026-04-07T06:32:22.372Z","level":"warn","event":"redis_disabled","reason":"REDIS_ENABLED or REDIS_URL not configured"}
{"timestamp":"2026-04-07T06:32:22.375Z","level":"info","event":"background_jobs_initialized","mode":"local_timer","intervalMs":60000}
{"timestamp":"2026-04-07T06:32:22.379Z","level":"info","event":"server_started","port":3000,"appUrl":"http://localhost:3000","siteUrl":"https://legalaxis.in","dbClient":"sqlite","redisEnabled":false,"queueEnabled":false,"storageDriver":"local","secureCookies":false,"forceHttps":false,"envFile":"backend/.env"}
{"timestamp":"2026-04-07T06:32:41.097Z","level":"info","event":"http_request","method":"GET","path":"/","statusCode":404,"durationMs":19,"ip":"::1"}
{"timestamp":"2026-04-07T06:32:46.090Z","level":"info","event":"http_request","method":"GET","path":"/","statusCode":404,"durationMs":8,"ip":"::1"}
{"timestamp":"2026-04-07T06:32:49.151Z","level":"info","event":"http_request","method":"GET","path":"/","statusCode":404,"durationMs":4,"ip":"::1"}
{"timestamp":"2026-04-07T06:32:49.590Z","level":"info","event":"http_request","method":"GET","path":"/favicon.ico","statusCode":301,"durationMs":4,"ip":"::1"}
{"timestamp":"2026-04-07T06:32:49.601Z","level":"info","event":"http_request","method":"GET","path":"/favicon.svg","statusCode":404,"durationMs":7,"ip":"::1"}
{"timestamp":"2026-04-07T06:39:14.637Z","level":"warn","event":"server_shutdown_started","signal":"SIGINT"}
{"timestamp":"2026-04-07T06:39:14.640Z","level":"info","event":"server_shutdown_completed","signal":"SIGINT"}
{"timestamp":"2026-04-07T06:47:53.732Z","level":"info","event":"session_store_selected","store":"memory"}
{"timestamp":"2026-04-07T06:47:53.770Z","level":"warn","event":"redis_disabled","reason":"REDIS_ENABLED or REDIS_URL not configured"}
{"timestamp":"2026-04-07T06:47:53.771Z","level":"info","event":"background_jobs_initialized","mode":"local_timer","intervalMs":60000}
{"timestamp":"2026-04-07T06:47:53.775Z","level":"info","event":"server_started","port":"3000","appUrl":"http://localhost:3000","siteUrl":"https://legalaxis.in","dbClient":"sqlite","redisEnabled":false,"queueEnabled":false,"storageDriver":"local","secureCookies":false,"forceHttps":false,"envFile":"backend/.env"}
{"timestamp":"2026-04-07T06:47:55.201Z","level":"info","event":"http_request","method":"GET","path":"/_next/webpack-hmr?id=xUn_fokVO7XmmAE017_sf","statusCode":404,"durationMs":23,"ip":"::1"}
{"timestamp":"2026-04-07T06:48:01.169Z","level":"info","event":"http_request","method":"GET","path":"/_next/webpack-hmr?id=xUn_fokVO7XmmAE017_sf","statusCode":404,"durationMs":8,"ip":"::1"}
{"timestamp":"2026-04-07T06:48:07.181Z","level":"info","event":"http_request","method":"GET","path":"/_next/webpack-hmr?id=xUn_fokVO7XmmAE017_sf","statusCode":404,"durationMs":9,"ip":"::1"}
{"timestamp":"2026-04-07T06:48:13.275Z","level":"info","event":"http_request","method":"GET","path":"/_next/webpack-hmr?id=xUn_fokVO7XmmAE017_sf","statusCode":404,"durationMs":61,"ip":"::1"}
{"timestamp":"2026-04-07T06:48:19.190Z","level":"info","event":"http_request","method":"GET","path":"/_next/webpack-hmr?id=xUn_fokVO7XmmAE017_sf","statusCode":404,"durationMs":10,"ip":"::1"}
{"timestamp":"2026-04-07T06:48:25.208Z","level":"info","event":"http_request","method":"GET","path":"/_next/webpack-hmr?id=xUn_fokVO7XmmAE017_sf","statusCode":404,"durationMs":6,"ip":"::1"}
{"timestamp":"2026-04-07T06:48:31.285Z","level":"info","event":"http_request","method":"GET","path":"/_next/webpack-hmr?id=xUn_fokVO7XmmAE017_sf","statusCode":404,"durationMs":5,"ip":"::1"}
{"timestamp":"2026-04-07T06:48:31.322Z","level":"info","event":"http_request","method":"GET","path":"/client-portal","statusCode":404,"durationMs":8,"ip":"::1"}
{"timestamp":"2026-04-07T06:48:31.644Z","level":"info","event":"http_request","method":"GET","path":"/favicon.svg","statusCode":404,"durationMs":4,"ip":"::1"}
{"timestamp":"2026-04-07T06:49:01.843Z","level":"info","event":"http_request","method":"GET","path":"/client-portal","statusCode":404,"durationMs":6,"ip":"::1"}
{"timestamp":"2026-04-07T06:49:06.419Z","level":"info","event":"http_request","method":"GET","path":"/","statusCode":404,"durationMs":3,"ip":"::1"}
{"timestamp":"2026-04-07T06:49:07.741Z","level":"info","event":"http_request","method":"GET","path":"/","statusCode":404,"durationMs":6,"ip":"::1"}
{"timestamp":"2026-04-07T09:15:15.681Z","level":"info","event":"http_request","method":"GET","path":"/","statusCode":404,"durationMs":53,"ip":"::1"}
{"timestamp":"2026-04-07T09:15:16.565Z","level":"info","event":"http_request","method":"GET","path":"/favicon.ico","statusCode":301,"durationMs":11,"ip":"::1"}
{"timestamp":"2026-04-07T09:15:16.585Z","level":"info","event":"http_request","method":"GET","path":"/favicon.svg","statusCode":404,"durationMs":12,"ip":"::1"}
{"timestamp":"2026-04-07T17:45:24.737Z","level":"info","event":"session_store_selected","store":"memory"}
{"timestamp":"2026-04-07T17:47:50.998Z","level":"info","event":"session_store_selected","store":"memory"}
{"timestamp":"2026-04-07T17:47:51.056Z","level":"warn","event":"redis_disabled","reason":"REDIS_ENABLED or REDIS_URL not configured"}
{"timestamp":"2026-04-07T17:47:51.058Z","level":"info","event":"background_jobs_initialized","mode":"local_timer","intervalMs":60000}
{"timestamp":"2026-04-07T17:47:51.062Z","level":"info","event":"server_started","port":"3000","appUrl":"http://localhost:3000","siteUrl":"https://legalaxis.in","dbClient":"sqlite","redisEnabled":false,"queueEnabled":false,"storageDriver":"local","secureCookies":false,"forceHttps":false,"envFile":"backend/.env"}
{"timestamp":"2026-04-07T17:48:32.927Z","level":"info","event":"http_request","method":"POST","path":"/api/admin/login","statusCode":401,"durationMs":16,"ip":"::ffff:127.0.0.1"}
{"timestamp":"2026-04-07T17:48:33.419Z","level":"info","event":"http_request","method":"GET","path":"/api/admin/vault/documents?limit=8&offset=0","statusCode":401,"durationMs":6,"ip":"::ffff:127.0.0.1"}
{"timestamp":"2026-04-07T17:48:33.555Z","level":"info","event":"http_request","method":"GET","path":"/api/admin/clients","statusCode":401,"durationMs":2,"ip":"::ffff:127.0.0.1"}
{"timestamp":"2026-04-07T17:50:36.913Z","level":"info","event":"session_store_selected","store":"memory"}
{"timestamp":"2026-04-07T17:50:36.942Z","level":"warn","event":"redis_disabled","reason":"REDIS_ENABLED or REDIS_URL not configured"}
{"timestamp":"2026-04-07T17:50:36.944Z","level":"info","event":"background_jobs_initialized","mode":"local_timer","intervalMs":60000}
{"timestamp":"2026-04-07T17:50:36.949Z","level":"info","event":"server_started","port":"3000","appUrl":"http://localhost:3000","siteUrl":"https://legalaxis.in","dbClient":"sqlite","redisEnabled":false,"queueEnabled":false,"storageDriver":"local","secureCookies":false,"forceHttps":false,"envFile":"backend/.env"}
{"timestamp":"2026-04-07T17:51:15.968Z","level":"info","event":"http_request","method":"POST","path":"/api/admin/login","statusCode":401,"durationMs":13,"ip":"::ffff:127.0.0.1"}
{"timestamp":"2026-04-07T17:51:16.243Z","level":"info","event":"http_request","method":"GET","path":"/api/admin/vault/documents?limit=8&offset=0","statusCode":401,"durationMs":6,"ip":"::ffff:127.0.0.1"}
{"timestamp":"2026-04-07T17:51:16.283Z","level":"info","event":"http_request","method":"GET","path":"/api/admin/clients","statusCode":401,"durationMs":2,"ip":"::ffff:127.0.0.1"}
{"timestamp":"2026-04-07T17:51:30.734Z","level":"info","event":"http_request","method":"POST","path":"/api/admin/login","statusCode":200,"durationMs":3,"ip":"::ffff:127.0.0.1"}
{"timestamp":"2026-04-07T17:51:55.705Z","level":"info","event":"http_request","method":"POST","path":"/api/admin/login","statusCode":200,"durationMs":2,"ip":"::ffff:127.0.0.1"}
{"timestamp":"2026-04-07T17:51:55.819Z","level":"info","event":"http_request","method":"GET","path":"/api/admin/vault/documents?limit=8&offset=0","statusCode":200,"durationMs":7,"ip":"::ffff:127.0.0.1"}
{"timestamp":"2026-04-07T17:51:55.920Z","level":"info","event":"http_request","method":"GET","path":"/api/admin/clients","statusCode":200,"durationMs":6,"ip":"::ffff:127.0.0.1"}
{"timestamp":"2026-04-07T17:51:56.049Z","level":"info","event":"http_request","method":"POST","path":"/api/admin/vault/clients//documents","statusCode":404,"durationMs":4,"ip":"::ffff:127.0.0.1"}
{"timestamp":"2026-04-07T17:51:56.197Z","level":"info","event":"http_request","method":"POST","path":"/api/admin/vault/documents//review","statusCode":404,"durationMs":5,"ip":"::ffff:127.0.0.1"}
{"timestamp":"2026-04-07T17:51:56.226Z","level":"info","event":"http_request","method":"GET","path":"/api/admin/vault/documents?limit=8&offset=0&search=codex-review-smoke-test.pdf","statusCode":200,"durationMs":9,"ip":"::ffff:127.0.0.1"}
{"timestamp":"2026-04-07T17:51:56.272Z","level":"info","event":"http_request","method":"GET","path":"/api/admin/vault/documents/","statusCode":200,"durationMs":6,"ip":"::ffff:127.0.0.1"}
{"timestamp":"2026-04-07T17:52:15.840Z","level":"info","event":"http_request","method":"POST","path":"/api/admin/login","statusCode":200,"durationMs":2,"ip":"::ffff:127.0.0.1"}
{"timestamp":"2026-04-07T17:52:15.884Z","level":"info","event":"http_request","method":"GET","path":"/api/admin/vault/documents?limit=5&offset=0","statusCode":200,"durationMs":4,"ip":"::ffff:127.0.0.1"}
{"timestamp":"2026-04-07T17:52:16.099Z","level":"info","event":"http_request","method":"POST","path":"/api/admin/login","statusCode":200,"durationMs":1,"ip":"::ffff:127.0.0.1"}
{"timestamp":"2026-04-07T17:52:16.889Z","level":"info","event":"http_request","method":"GET","path":"/api/admin/clients","statusCode":200,"durationMs":5,"ip":"::ffff:127.0.0.1"}
{"timestamp":"2026-04-07T17:53:00.483Z","level":"info","event":"http_request","method":"POST","path":"/api/admin/login","statusCode":200,"durationMs":1,"ip":"::ffff:127.0.0.1"}
{"timestamp":"2026-04-07T17:53:00.631Z","level":"info","event":"http_request","method":"POST","path":"/api/admin/vault/clients/1/documents","statusCode":201,"durationMs":11,"ip":"::ffff:127.0.0.1"}
{"timestamp":"2026-04-07T17:53:00.684Z","level":"info","event":"http_request","method":"POST","path":"/api/admin/vault/documents/1/review","statusCode":200,"durationMs":11,"ip":"::ffff:127.0.0.1"}
{"timestamp":"2026-04-07T17:53:00.710Z","level":"info","event":"http_request","method":"GET","path":"/api/admin/vault/documents/1","statusCode":200,"durationMs":4,"ip":"::ffff:127.0.0.1"}
{"timestamp":"2026-04-07T17:53:00.737Z","level":"info","event":"http_request","method":"GET","path":"/api/admin/vault/documents?limit=5&offset=0&search=codex-review-smoke-test.pdf","statusCode":200,"durationMs":7,"ip":"::ffff:127.0.0.1"}
{"timestamp":"2026-04-09T10:16:31.764Z","level":"info","event":"session_store_selected","store":"memory"}
{"timestamp":"2026-04-09T10:16:31.791Z","level":"info","event":"server_started","port":4017,"appUrl":"http://127.0.0.1:4017","siteUrl":"http://127.0.0.1:4017","apiBasePath":"/api/v1","databaseProvider":"postgresql/prisma","redisEnabled":false,"queueEnabled":false,"storageDriver":"local","secureCookies":false,"forceHttps":false,"envFile":"backend/.env"}
{"timestamp":"2026-04-09T10:16:31.804Z","level":"warn","event":"redis_disabled","reason":"REDIS_ENABLED or REDIS_URL not configured"}
{"timestamp":"2026-04-09T10:16:31.805Z","level":"info","event":"dependency_ready","dependency":"redis","enabled":false}
{"timestamp":"2026-04-09T10:16:31.806Z","level":"info","event":"background_jobs_initialized","mode":"local_timer","intervalMs":60000}
{"timestamp":"2026-04-09T10:16:31.807Z","level":"info","event":"dependency_ready","dependency":"background_jobs","queueEnabled":false}
{"timestamp":"2026-04-09T11:54:16.634Z","level":"info","event":"session_store_selected","store":"memory"}
{"timestamp":"2026-04-09T11:54:16.672Z","level":"info","event":"startup_validation_passed","envPath":"C:\\Users\\shivansh\\Documents\\GitHub\\bizsamadhan india\\backend\\.env","schemaPath":"C:\\Users\\shivansh\\Documents\\GitHub\\bizsamadhan india\\prisma\\schema.prisma","schemaExists":true,"databaseUrl":"postgresql://postgres.fibxnfmzczyxylzhmsck:***@aws-1-ap-northeast-1.pooler.supabase.com:6543/postgres?sslmode=require&pgbouncer=true&connection_limit=1","hasDatabaseUrl":true}
{"timestamp":"2026-04-09T11:54:16.686Z","level":"info","event":"server_started","port":6543,"appUrl":"https://bizsamadhan-india-production.up.railway.app","siteUrl":"https://www.bizsamadhanindia.com","apiBasePath":"/api/v1","databaseProvider":"postgresql/prisma","redisEnabled":false,"queueEnabled":false,"storageDriver":"local","secureCookies":false,"forceHttps":false,"envFile":"C:\\Users\\shivansh\\Documents\\GitHub\\bizsamadhan india\\backend\\.env","schemaPath":"C:\\Users\\shivansh\\Documents\\GitHub\\bizsamadhan india\\prisma\\schema.prisma","databaseUrl":"postgresql://postgres.fibxnfmzczyxylzhmsck:***@aws-1-ap-northeast-1.pooler.supabase.com:6543/postgres?sslmode=require&pgbouncer=true&connection_limit=1"}
{"timestamp":"2026-04-09T11:54:44.774Z","level":"warn","event":"redis_disabled","reason":"REDIS_ENABLED or REDIS_URL not configured"}
{"timestamp":"2026-04-09T11:54:44.778Z","level":"info","event":"dependency_ready","dependency":"redis","enabled":false}
{"timestamp":"2026-04-09T11:54:44.779Z","level":"info","event":"background_jobs_initialized","mode":"local_timer","intervalMs":60000}
{"timestamp":"2026-04-09T11:54:44.780Z","level":"info","event":"dependency_ready","dependency":"background_jobs","queueEnabled":false}
{"timestamp":"2026-04-09T11:55:03.241Z","level":"info","event":"session_store_selected","store":"memory"}
{"timestamp":"2026-04-09T11:55:03.269Z","level":"info","event":"startup_validation_passed","envPath":"C:\\Users\\shivansh\\Documents\\GitHub\\bizsamadhan india\\backend\\.env","schemaPath":"C:\\Users\\shivansh\\Documents\\GitHub\\bizsamadhan india\\prisma\\schema.prisma","schemaExists":true,"databaseUrl":"postgresql://postgres.fibxnfmzczyxylzhmsck:***@aws-1-ap-northeast-1.pooler.supabase.com:6543/postgres?sslmode=require&pgbouncer=true&connection_limit=1","hasDatabaseUrl":true}
{"timestamp":"2026-04-09T11:55:03.284Z","level":"warn","event":"server_shutdown_started","signal":"uncaughtException"}
{"timestamp":"2026-04-09T11:55:47.301Z","level":"warn","event":"server_shutdown_started","signal":"uncaughtException"}
{"timestamp":"2026-04-09T11:55:47.305Z","level":"info","event":"server_shutdown_completed","signal":"uncaughtException"}
